id,英文名稱,課程名稱,周次,課程名稱,item名稱,item類型,good次數,bad次數
1,gabr,商管研究中的賽局分析：通路選擇、合約制定與共享經濟,week1,課程概述與最佳化理論,1-0 課前小叮嚀,Lesson,2,0
1,gabr,商管研究中的賽局分析：通路選擇、合約制定與共享經濟,week1,課程概述與最佳化理論,1-1-1 課程概述（1）,Lesson,2,0
1,gabr,商管研究中的賽局分析：通路選擇、合約制定與共享經濟,week1,課程概述與最佳化理論,1-1-2 課程概述（2）,Lesson,3,0
1,gabr,商管研究中的賽局分析：通路選擇、合約制定與共享經濟,week1,課程概述與最佳化理論,1-2 一個例子：獨佔定價（monopoly pricing）,Lesson,2,0
1,gabr,商管研究中的賽局分析：通路選擇、合約制定與共享經濟,week1,課程概述與最佳化理論,1-3-1 理論 集合與函數(1),Lesson,0,0
1,gabr,商管研究中的賽局分析：通路選擇、合約制定與共享經濟,week1,課程概述與最佳化理論,1-3-2 理論 集合與函數(2),Lesson,0,0
1,gabr,商管研究中的賽局分析：通路選擇、合約制定與共享經濟,week1,課程概述與最佳化理論,1-4-1 理論：最佳化條件（1）,Lesson,0,0
1,gabr,商管研究中的賽局分析：通路選擇、合約制定與共享經濟,week1,課程概述與最佳化理論,1-4-2 理論：最佳化條件（2）,Lesson,0,0
1,gabr,商管研究中的賽局分析：通路選擇、合約制定與共享經濟,week1,課程概述與最佳化理論,1-5 應用-獨佔定價,Lesson,0,0
1,gabr,商管研究中的賽局分析：通路選擇、合約制定與共享經濟,week1,課程概述與最佳化理論,1-6 應用-經濟訂購量,Lesson,1,0
1,gabr,商管研究中的賽局分析：通路選擇、合約制定與共享經濟,week1,課程概述與最佳化理論,第一週測驗,Normal Assignment,1,0
1,gabr,商管研究中的賽局分析：通路選擇、合約制定與共享經濟,week1,課程概述與最佳化理論,第一週課前引導,Lesson,5,0
1,gabr,商管研究中的賽局分析：通路選擇、合約制定與共享經濟,week2,賽局理論簡介,2-1 囚犯困境,Lesson,2,0
1,gabr,商管研究中的賽局分析：通路選擇、合約制定與共享經濟,week2,賽局理論簡介,2-2 靜態賽局與納許均衡,Lesson,1,0
1,gabr,商管研究中的賽局分析：通路選擇、合約制定與共享經濟,week2,賽局理論簡介,2-3-1 應用：零售商競爭（1）,Lesson,0,0
1,gabr,商管研究中的賽局分析：通路選擇、合約制定與共享經濟,week2,賽局理論簡介,2-3-2 應用：零售商競爭（2）,Lesson,0,0
1,gabr,商管研究中的賽局分析：通路選擇、合約制定與共享經濟,week2,賽局理論簡介,2-4 動態賽局與逆向歸納,Lesson,0,0
1,gabr,商管研究中的賽局分析：通路選擇、合約制定與共享經濟,week2,賽局理論簡介,2-5 應用：供應鏈訂價,Lesson,0,0
1,gabr,商管研究中的賽局分析：通路選擇、合約制定與共享經濟,week2,賽局理論簡介,囚犯困境實例,Peer Assignment,0,0
1,gabr,商管研究中的賽局分析：通路選擇、合約制定與共享經濟,week2,賽局理論簡介,第二週測驗,Normal Assignment,1,0
1,gabr,商管研究中的賽局分析：通路選擇、合約制定與共享經濟,week2,賽局理論簡介,第二週課前引導,Lesson,1,0
1,gabr,商管研究中的賽局分析：通路選擇、合約制定與共享經濟,week3,競爭環境中的通路選擇,3-0 課前影片,Lesson,0,0
1,gabr,商管研究中的賽局分析：通路選擇、合約制定與共享經濟,week3,競爭環境中的通路選擇,3-1 研究動機,Lesson,0,0
1,gabr,商管研究中的賽局分析：通路選擇、合約制定與共享經濟,week3,競爭環境中的通路選擇,3-2 模型,Lesson,0,0
1,gabr,商管研究中的賽局分析：通路選擇、合約制定與共享經濟,week3,競爭環境中的通路選擇,3-3 分析：定價,Lesson,0,0
1,gabr,商管研究中的賽局分析：通路選擇、合約制定與共享經濟,week3,競爭環境中的通路選擇,3-4 分析：通路選擇,Lesson,1,0
1,gabr,商管研究中的賽局分析：通路選擇、合約制定與共享經濟,week3,競爭環境中的通路選擇,3-5 經濟直覺與意涵,Lesson,1,0
1,gabr,商管研究中的賽局分析：通路選擇、合約制定與共享經濟,week3,競爭環境中的通路選擇,第三週測驗,Normal Assignment,1,0
1,gabr,商管研究中的賽局分析：通路選擇、合約制定與共享經濟,week3,競爭環境中的通路選擇,第三週課前引導,Lesson,0,0
1,gabr,商管研究中的賽局分析：通路選擇、合約制定與共享經濟,week4,通路協作－退貨政策,4-0 課前影片,Lesson,0,0
1,gabr,商管研究中的賽局分析：通路選擇、合約制定與共享經濟,week4,通路協作－退貨政策,4-1 誘因問題,Lesson,0,0
1,gabr,商管研究中的賽局分析：通路選擇、合約制定與共享經濟,week4,通路協作－退貨政策,4-2-1 報童問題與供應鏈不協調（1）,Lesson,0,0
1,gabr,商管研究中的賽局分析：通路選擇、合約制定與共享經濟,week4,通路協作－退貨政策,4-2-2 報童問題與供應鏈不協調（2）,Lesson,1,0
1,gabr,商管研究中的賽局分析：通路選擇、合約制定與共享經濟,week4,通路協作－退貨政策,4-2-3 報童問題與供應鏈不協調（3）,Lesson,1,0
1,gabr,商管研究中的賽局分析：通路選擇、合約制定與共享經濟,week4,通路協作－退貨政策,4-3 退貨合約,Lesson,0,0
1,gabr,商管研究中的賽局分析：通路選擇、合約制定與共享經濟,week4,通路協作－退貨政策,4-4 模型與分析,Lesson,1,0
1,gabr,商管研究中的賽局分析：通路選擇、合約制定與共享經濟,week4,通路協作－退貨政策,4-5 意涵與結論,Lesson,0,0
1,gabr,商管研究中的賽局分析：通路選擇、合約制定與共享經濟,week4,通路協作－退貨政策,Return or rebate？競爭者如何影響你的策略選擇,Peer Assignment,0,0
1,gabr,商管研究中的賽局分析：通路選擇、合約制定與共享經濟,week4,通路協作－退貨政策,第四週測驗,Normal Assignment,1,0
1,gabr,商管研究中的賽局分析：通路選擇、合約制定與共享經濟,week4,通路協作－退貨政策,第四週課前引導,Lesson,0,0
1,gabr,商管研究中的賽局分析：通路選擇、合約制定與共享經濟,week5,線上內置代銷連結：考慮品質異質...,5-0 課前影片,Lesson,0,0
1,gabr,商管研究中的賽局分析：通路選擇、合約制定與共享經濟,week5,線上內置代銷連結：考慮品質異質...,5-1 課程目標,Lesson,1,0
1,gabr,商管研究中的賽局分析：通路選擇、合約制定與共享經濟,week5,線上內置代銷連結：考慮品質異質...,5-2 研究動機,Lesson,0,0
1,gabr,商管研究中的賽局分析：通路選擇、合約制定與共享經濟,week5,線上內置代銷連結：考慮品質異質...,5-3 模型,Lesson,0,0
1,gabr,商管研究中的賽局分析：通路選擇、合約制定與共享經濟,week5,線上內置代銷連結：考慮品質異質...,5-4-1 分析：只考慮上架費(1),Lesson,1,0
1,gabr,商管研究中的賽局分析：通路選擇、合約制定與共享經濟,week5,線上內置代銷連結：考慮品質異質...,5-4-2 分析：只考慮上架費(2),Lesson,1,0
1,gabr,商管研究中的賽局分析：通路選擇、合約制定與共享經濟,week5,線上內置代銷連結：考慮品質異質...,5-5 分析：營收分享,Lesson,0,0
1,gabr,商管研究中的賽局分析：通路選擇、合約制定與共享經濟,week5,線上內置代銷連結：考慮品質異質...,5-6 結論,Lesson,1,0
1,gabr,商管研究中的賽局分析：通路選擇、合約制定與共享經濟,week5,線上內置代銷連結：考慮品質異質...,第五週測驗,Normal Assignment,0,0
1,gabr,商管研究中的賽局分析：通路選擇、合約制定與共享經濟,week5,線上內置代銷連結：考慮品質異質...,第五週課前引導,Lesson,1,0
1,gabr,商管研究中的賽局分析：通路選擇、合約制定與共享經濟,week6,共享經濟中的平臺式快遞服務,6-1-1研究動機（1）,Lesson,0,0
1,gabr,商管研究中的賽局分析：通路選擇、合約制定與共享經濟,week6,共享經濟中的平臺式快遞服務,6-1-2 研究動機（2）,Lesson,0,0
1,gabr,商管研究中的賽局分析：通路選擇、合約制定與共享經濟,week6,共享經濟中的平臺式快遞服務,6-2 模型,Lesson,0,0
1,gabr,商管研究中的賽局分析：通路選擇、合約制定與共享經濟,week6,共享經濟中的平臺式快遞服務,6-3-1 分析：基本情境（1）,Lesson,0,0
1,gabr,商管研究中的賽局分析：通路選擇、合約制定與共享經濟,week6,共享經濟中的平臺式快遞服務,6-3-2 分析：基本情境（2）,Lesson,0,0
1,gabr,商管研究中的賽局分析：通路選擇、合約制定與共享經濟,week6,共享經濟中的平臺式快遞服務,6-3-3 分析：基本情境（3）,Lesson,0,0
1,gabr,商管研究中的賽局分析：通路選擇、合約制定與共享經濟,week6,共享經濟中的平臺式快遞服務,6-4-1 分析：延伸情境（1）,Lesson,1,0
1,gabr,商管研究中的賽局分析：通路選擇、合約制定與共享經濟,week6,共享經濟中的平臺式快遞服務,6-4-2 分析：延伸情境（2）,Lesson,0,0
1,gabr,商管研究中的賽局分析：通路選擇、合約制定與共享經濟,week6,共享經濟中的平臺式快遞服務,6-5 結論,Lesson,0,0
1,gabr,商管研究中的賽局分析：通路選擇、合約制定與共享經濟,week6,共享經濟中的平臺式快遞服務,第六週測驗,Normal Assignment,0,0
1,gabr,商管研究中的賽局分析：通路選擇、合約制定與共享經濟,week6,共享經濟中的平臺式快遞服務,第六週課前引導,Lesson,0,0
1,gabr,商管研究中的賽局分析：通路選擇、合約制定與共享經濟,week7,回顧、展望與隨想,7-1-1 回顧(1),Lesson,0,0
1,gabr,商管研究中的賽局分析：通路選擇、合約制定與共享經濟,week7,回顧、展望與隨想,7-1-2 回顧(2),Lesson,0,0
1,gabr,商管研究中的賽局分析：通路選擇、合約制定與共享經濟,week7,回顧、展望與隨想,7-2 展望,Lesson,0,0
1,gabr,商管研究中的賽局分析：通路選擇、合約制定與共享經濟,week7,回顧、展望與隨想,7-3 隨想,Lesson,0,0
1,gabr,商管研究中的賽局分析：通路選擇、合約制定與共享經濟,week7,回顧、展望與隨想,電信資費方案設計,Peer Assignment,0,0
2,ntumlone-mathematicalfoundations,機器學習基石上 (Machine Learning Foundations)---Mathematical Foundations,week1,第一講：The Learnin...,Applications of Machine Learning,Lesson,38,1
2,ntumlone-mathematicalfoundations,機器學習基石上 (Machine Learning Foundations)---Mathematical Foundations,week1,第一講：The Learnin...,Components of Machine Learning,Lesson,35,0
2,ntumlone-mathematicalfoundations,機器學習基石上 (Machine Learning Foundations)---Mathematical Foundations,week1,第一講：The Learnin...,Course Introduction,Lesson,77,0
2,ntumlone-mathematicalfoundations,機器學習基石上 (Machine Learning Foundations)---Mathematical Foundations,week1,第一講：The Learnin...,Machine Learning and Other Fields,Lesson,35,0
2,ntumlone-mathematicalfoundations,機器學習基石上 (Machine Learning Foundations)---Mathematical Foundations,week1,第一講：The Learnin...,What is Machine Learning,Lesson,62,2
2,ntumlone-mathematicalfoundations,機器學習基石上 (Machine Learning Foundations)---Mathematical Foundations,week1,第一講：The Learnin...,homework 0,Survey,31,0
2,ntumlone-mathematicalfoundations,機器學習基石上 (Machine Learning Foundations)---Mathematical Foundations,week1,第一講：The Learnin...,延伸閱讀,Survey,21,0
2,ntumlone-mathematicalfoundations,機器學習基石上 (Machine Learning Foundations)---Mathematical Foundations,week1,第一講：The Learnin...,課程大綱,Survey,37,0
2,ntumlone-mathematicalfoundations,機器學習基石上 (Machine Learning Foundations)---Mathematical Foundations,week1,第一講：The Learnin...,課程形式及評分標準,Survey,20,0
2,ntumlone-mathematicalfoundations,機器學習基石上 (Machine Learning Foundations)---Mathematical Foundations,week2,第二講：Learning to...,Guarantee of PLA,Lesson,20,1
2,ntumlone-mathematicalfoundations,機器學習基石上 (Machine Learning Foundations)---Mathematical Foundations,week2,第二講：Learning to...,Non-Separable Data,Lesson,12,1
2,ntumlone-mathematicalfoundations,機器學習基石上 (Machine Learning Foundations)---Mathematical Foundations,week2,第二講：Learning to...,Perceptron Hypothesis Set,Lesson,22,0
2,ntumlone-mathematicalfoundations,機器學習基石上 (Machine Learning Foundations)---Mathematical Foundations,week2,第二講：Learning to...,Perceptron Learning Algorithm (PLA),Lesson,19,1
2,ntumlone-mathematicalfoundations,機器學習基石上 (Machine Learning Foundations)---Mathematical Foundations,week3,第三講：Types of Le...,Learning with Different Data Label,Lesson,11,0
2,ntumlone-mathematicalfoundations,機器學習基石上 (Machine Learning Foundations)---Mathematical Foundations,week3,第三講：Types of Le...,Learning with Different Input Space,Lesson,13,0
2,ntumlone-mathematicalfoundations,機器學習基石上 (Machine Learning Foundations)---Mathematical Foundations,week3,第三講：Types of Le...,Learning with Different Output Spac...,Lesson,9,0
2,ntumlone-mathematicalfoundations,機器學習基石上 (Machine Learning Foundations)---Mathematical Foundations,week3,第三講：Types of Le...,Learning with Different Protocol,Lesson,7,0
2,ntumlone-mathematicalfoundations,機器學習基石上 (Machine Learning Foundations)---Mathematical Foundations,week4,第四講：Feasibility...,Connection to Learning,Lesson,7,0
2,ntumlone-mathematicalfoundations,機器學習基石上 (Machine Learning Foundations)---Mathematical Foundations,week4,第四講：Feasibility...,Connection to Real Learning,Lesson,9,0
2,ntumlone-mathematicalfoundations,機器學習基石上 (Machine Learning Foundations)---Mathematical Foundations,week4,第四講：Feasibility...,Learning is Impossible?,Lesson,7,0
2,ntumlone-mathematicalfoundations,機器學習基石上 (Machine Learning Foundations)---Mathematical Foundations,week4,第四講：Feasibility...,Probability to the Rescue,Lesson,6,0
2,ntumlone-mathematicalfoundations,機器學習基石上 (Machine Learning Foundations)---Mathematical Foundations,week4,第四講：Feasibility...,作業一,Normal Assignment,27,5
2,ntumlone-mathematicalfoundations,機器學習基石上 (Machine Learning Foundations)---Mathematical Foundations,week5,第五講：Training ve...,Break Point,Lesson,4,0
2,ntumlone-mathematicalfoundations,機器學習基石上 (Machine Learning Foundations)---Mathematical Foundations,week5,第五講：Training ve...,Effective Number of Hypotheses,Lesson,4,1
2,ntumlone-mathematicalfoundations,機器學習基石上 (Machine Learning Foundations)---Mathematical Foundations,week5,第五講：Training ve...,Effective Number of Lines,Lesson,5,0
2,ntumlone-mathematicalfoundations,機器學習基石上 (Machine Learning Foundations)---Mathematical Foundations,week5,第五講：Training ve...,Recap and Preview,Lesson,5,0
2,ntumlone-mathematicalfoundations,機器學習基石上 (Machine Learning Foundations)---Mathematical Foundations,week6,第六講: Theory of ...,A Pictorial Proof,Lesson,2,0
2,ntumlone-mathematicalfoundations,機器學習基石上 (Machine Learning Foundations)---Mathematical Foundations,week6,第六講: Theory of ...,Bounding Function: Basic Cases,Lesson,1,0
2,ntumlone-mathematicalfoundations,機器學習基石上 (Machine Learning Foundations)---Mathematical Foundations,week6,第六講: Theory of ...,Bounding Function: Inductive Cases,Lesson,2,0
2,ntumlone-mathematicalfoundations,機器學習基石上 (Machine Learning Foundations)---Mathematical Foundations,week6,第六講: Theory of ...,Restriction of Break Point,Lesson,4,2
2,ntumlone-mathematicalfoundations,機器學習基石上 (Machine Learning Foundations)---Mathematical Foundations,week7,第七講: The VC Dim...,Definition of VC Dimension,Lesson,2,0
2,ntumlone-mathematicalfoundations,機器學習基石上 (Machine Learning Foundations)---Mathematical Foundations,week7,第七講: The VC Dim...,Interpreting VC Dimension,Lesson,4,0
2,ntumlone-mathematicalfoundations,機器學習基石上 (Machine Learning Foundations)---Mathematical Foundations,week7,第七講: The VC Dim...,Physical Intuition of VC Dimension,Lesson,3,0
2,ntumlone-mathematicalfoundations,機器學習基石上 (Machine Learning Foundations)---Mathematical Foundations,week7,第七講: The VC Dim...,VC Dimension of Perceptrons,Lesson,3,0
2,ntumlone-mathematicalfoundations,機器學習基石上 (Machine Learning Foundations)---Mathematical Foundations,week8,第八講: Noise and ...,Algorithmic Error Measure,Lesson,5,0
2,ntumlone-mathematicalfoundations,機器學習基石上 (Machine Learning Foundations)---Mathematical Foundations,week8,第八講: Noise and ...,Error Measure,Lesson,2,0
2,ntumlone-mathematicalfoundations,機器學習基石上 (Machine Learning Foundations)---Mathematical Foundations,week8,第八講: Noise and ...,Noise and Probabilistic Target,Lesson,4,0
2,ntumlone-mathematicalfoundations,機器學習基石上 (Machine Learning Foundations)---Mathematical Foundations,week8,第八講: Noise and ...,Weighted Classification,Lesson,5,0
2,ntumlone-mathematicalfoundations,機器學習基石上 (Machine Learning Foundations)---Mathematical Foundations,week8,第八講: Noise and ...,作業二,Normal Assignment,3,0
3,qin-shi-huang,中國古代歷史與人物－－秦始皇,week1,前言 Introduction,什麼是有用的歷史教育? What Is A Useful Educat...,Lesson,12,0
3,qin-shi-huang,中國古代歷史與人物－－秦始皇,week1,前言 Introduction,你活在一個什麼樣的時代_上? What is the Era You ...,Lesson,14,1
3,qin-shi-huang,中國古代歷史與人物－－秦始皇,week1,前言 Introduction,你活在一個什麼樣的時代_下? What is the Era You ...,Lesson,15,0
3,qin-shi-huang,中國古代歷史與人物－－秦始皇,week1,前言 Introduction,各講簡介 Course Overview,Lesson,5,0
3,qin-shi-huang,中國古代歷史與人物－－秦始皇,week1,前言 Introduction,經典閱讀示例上 Examples of Readings in Cla...,Lesson,6,0
3,qin-shi-huang,中國古代歷史與人物－－秦始皇,week1,前言 Introduction,經典閱讀示例下 Examples of Readings in Cla...,Lesson,5,0
3,qin-shi-huang,中國古代歷史與人物－－秦始皇,week1,前言 Introduction,經典閱讀示例中 Examples of Readings in Cla...,Lesson,4,0
3,qin-shi-huang,中國古代歷史與人物－－秦始皇,week1,前言 Introduction,經典閱讀示例末 Examples of Readings in Cla...,Lesson,6,0
3,qin-shi-huang,中國古代歷史與人物－－秦始皇,week1,前言 Introduction,讀歷史有什麼用? Why Study History?,Lesson,14,0
3,qin-shi-huang,中國古代歷史與人物－－秦始皇,week1,前言 Introduction,開宗明義 Course Goals,Lesson,53,1
3,qin-shi-huang,中國古代歷史與人物－－秦始皇,week2,孔林與始皇陵 The Ceme...,世界第八大奇跡？The Eighth Wonder of the Wo...,Lesson,3,0
3,qin-shi-huang,中國古代歷史與人物－－秦始皇,week2,孔林與始皇陵 The Ceme...,什麼才是「成功」？What is \Success\"?",Lesson,8,1
3,qin-shi-huang,中國古代歷史與人物－－秦始皇,week2,孔林與始皇陵 The Ceme...,孔子和秦始皇留下了什麼樣的遺產？The Legacy of Confu...,Lesson,6,0
3,qin-shi-huang,中國古代歷史與人物－－秦始皇,week2,孔林與始皇陵 The Ceme...,秦軍怎麼會有這麼多勇士？How Come Qin Army Has S...,Lesson,4,0
3,qin-shi-huang,中國古代歷史與人物－－秦始皇,week2,孔林與始皇陵 The Ceme...,秦軍百戰百勝的秘密 The Secret Behind the Suc...,Lesson,3,1
3,qin-shi-huang,中國古代歷史與人物－－秦始皇,week2,孔林與始皇陵 The Ceme...,第一次作業,Peer Assignment,6,0
3,qin-shi-huang,中國古代歷史與人物－－秦始皇,week2,孔林與始皇陵 The Ceme...,誰是天下第一強兵？Who Is the Strongest Army ...,Lesson,3,0
3,qin-shi-huang,中國古代歷史與人物－－秦始皇,week3,秦始皇的一生，歷史文獻中的秦始...,他叫「秦始皇」嗎？Is He Called \Qin Shi Huan...,Lesson,3,0
3,qin-shi-huang,中國古代歷史與人物－－秦始皇,week3,秦始皇的一生，歷史文獻中的秦始...,天下無異意，則安寧之術也 The Way to Peace is Ha...,Lesson,3,0
3,qin-shi-huang,中國古代歷史與人物－－秦始皇,week3,秦始皇的一生，歷史文獻中的秦始...,尉繚之計 Wei Liao's Military Strategies,Lesson,4,0
3,qin-shi-huang,中國古代歷史與人物－－秦始皇,week3,秦始皇的一生，歷史文獻中的秦始...,成功後的第一件事 First Thing After Success,Lesson,0,0
3,qin-shi-huang,中國古代歷史與人物－－秦始皇,week3,秦始皇的一生，歷史文獻中的秦始...,成功的要訣 The Key to Success,Lesson,3,0
3,qin-shi-huang,中國古代歷史與人物－－秦始皇,week3,秦始皇的一生，歷史文獻中的秦始...,秦之「大事」Great Events During Emperor Q...,Lesson,3,0
3,qin-shi-huang,中國古代歷史與人物－－秦始皇,week3,秦始皇的一生，歷史文獻中的秦始...,秦朝的立國精神 The Essence of Qin Dynasty,Lesson,4,0
3,qin-shi-huang,中國古代歷史與人物－－秦始皇,week3,秦始皇的一生，歷史文獻中的秦始...,秦王為人 Emperor Qin's Way of Being,Lesson,6,0
3,qin-shi-huang,中國古代歷史與人物－－秦始皇,week3,秦始皇的一生，歷史文獻中的秦始...,鉅變的象徵 The Symbol of Great Changes,Lesson,4,0
3,qin-shi-huang,中國古代歷史與人物－－秦始皇,week4,秦始皇的一生，歷史文獻中的秦始...,三代之事，何足法也？The Previous Three Dynast...,Lesson,2,0
3,qin-shi-huang,中國古代歷史與人物－－秦始皇,week4,秦始皇的一生，歷史文獻中的秦始...,人為什麼會被騙？Why Are People Gullible?,Lesson,5,0
3,qin-shi-huang,中國古代歷史與人物－－秦始皇,week4,秦始皇的一生，歷史文獻中的秦始...,始皇怎會讓自己落得這樣的結局？Reasons for Emperor ...,Lesson,3,0
3,qin-shi-huang,中國古代歷史與人物－－秦始皇,week4,秦始皇的一生，歷史文獻中的秦始...,始皇為人 Emperor Qin's Way of Being,Lesson,3,0
3,qin-shi-huang,中國古代歷史與人物－－秦始皇,week4,秦始皇的一生，歷史文獻中的秦始...,始皇的最後 The Last Days of Emperor Qin,Lesson,4,0
3,qin-shi-huang,中國古代歷史與人物－－秦始皇,week4,秦始皇的一生，歷史文獻中的秦始...,始皇的自我評價？ Emperor Qin's Self-assessm...,Lesson,5,0
3,qin-shi-huang,中國古代歷史與人物－－秦始皇,week4,秦始皇的一生，歷史文獻中的秦始...,始皇的選擇？Emperor Qin's Choice,Lesson,3,1
3,qin-shi-huang,中國古代歷史與人物－－秦始皇,week4,秦始皇的一生，歷史文獻中的秦始...,慾壑難填 Insatiable Needs,Lesson,3,0
3,qin-shi-huang,中國古代歷史與人物－－秦始皇,week4,秦始皇的一生，歷史文獻中的秦始...,誰還敢說真話？Who Dare to Speak the Truth?,Lesson,0,0
3,qin-shi-huang,中國古代歷史與人物－－秦始皇,week5,始皇的子孫 Emperor Q...,二世想要做什麼？ What the 2nd Generation Wa...,Lesson,4,0
3,qin-shi-huang,中國古代歷史與人物－－秦始皇,week5,始皇的子孫 Emperor Q...,二世的選擇？The 2nd Generation's Choices,Lesson,2,0
3,qin-shi-huang,中國古代歷史與人物－－秦始皇,week5,始皇的子孫 Emperor Q...,他們真的無罪嗎？ Are They Innocent?,Lesson,3,0
3,qin-shi-huang,中國古代歷史與人物－－秦始皇,week5,始皇的子孫 Emperor Q...,秦朝的結局 The End of Qin Dynasty,Lesson,2,0
3,qin-shi-huang,中國古代歷史與人物－－秦始皇,week5,始皇的子孫 Emperor Q...,第二次作業,Peer Assignment,1,0
3,qin-shi-huang,中國古代歷史與人物－－秦始皇,week5,始皇的子孫 Emperor Q...,詐與力 Tactics and Power,Lesson,2,0
3,qin-shi-huang,中國古代歷史與人物－－秦始皇,week5,始皇的子孫 Emperor Q...,誰才真正對我好？ Who Is the Real Friend?,Lesson,3,0
3,qin-shi-huang,中國古代歷史與人物－－秦始皇,week5,始皇的子孫 Emperor Q...,誰為為之？孰令聽之？For Whom Am I Doing and S...,Lesson,1,0
3,qin-shi-huang,中國古代歷史與人物－－秦始皇,week6,始皇的祖先－秦的興亡傳奇（上）...,秦之先、秦之禍 The Origin of Qin,Lesson,2,0
3,qin-shi-huang,中國古代歷史與人物－－秦始皇,week6,始皇的祖先－秦的興亡傳奇（上）...,秦之始 The Beginning of Qin,Lesson,0,0
3,qin-shi-huang,中國古代歷史與人物－－秦始皇,week6,始皇的祖先－秦的興亡傳奇（上）...,秦之性 The Spirit of Qin,Lesson,2,0
3,qin-shi-huang,中國古代歷史與人物－－秦始皇,week6,始皇的祖先－秦的興亡傳奇（上）...,秦之機 The Rise of Qin,Lesson,2,0
3,qin-shi-huang,中國古代歷史與人物－－秦始皇,week6,始皇的祖先－秦的興亡傳奇（上）...,秦之霸：The Reign of Qin: The Peak of Q...,Lesson,1,0
3,qin-shi-huang,中國古代歷史與人物－－秦始皇,week6,始皇的祖先－秦的興亡傳奇（上）...,秦之霸：晉之彊，秦之憂也 The Reign of Qin: Jin'...,Lesson,1,0
3,qin-shi-huang,中國古代歷史與人物－－秦始皇,week6,始皇的祖先－秦的興亡傳奇（上）...,秦之霸：為德之報！ The Reign of Qin: Virtue'...,Lesson,0,0
3,qin-shi-huang,中國古代歷史與人物－－秦始皇,week6,始皇的祖先－秦的興亡傳奇（上）...,秦之霸：為德之報？ The Reign of Qin: Virtue'...,Lesson,2,0
3,qin-shi-huang,中國古代歷史與人物－－秦始皇,week6,始皇的祖先－秦的興亡傳奇（上）...,秦之霸：霸業從何開始？ The Reign of Qin: How D...,Lesson,2,0
3,qin-shi-huang,中國古代歷史與人物－－秦始皇,week7,始皇的祖先－秦的興亡傳奇 （下...,秦之強 The Strength of Qin,Lesson,3,0
3,qin-shi-huang,中國古代歷史與人物－－秦始皇,week7,始皇的祖先－秦的興亡傳奇 （下...,秦之終 The End of Qin's Rule,Lesson,2,0
3,qin-shi-huang,中國古代歷史與人物－－秦始皇,week7,始皇的祖先－秦的興亡傳奇 （下...,秦之衰：孝公的選擇 The Decline of Qin: The C...,Lesson,2,0
3,qin-shi-huang,中國古代歷史與人物－－秦始皇,week7,始皇的祖先－秦的興亡傳奇 （下...,秦之衰：秦人的悲哀 The Decline of Qin: The S...,Lesson,2,1
3,qin-shi-huang,中國古代歷史與人物－－秦始皇,week7,始皇的祖先－秦的興亡傳奇 （下...,秦之變：商鞅來了 The Change of Qin: Lord Sh...,Lesson,4,0
3,qin-shi-huang,中國古代歷史與人物－－秦始皇,week7,始皇的祖先－秦的興亡傳奇 （下...,秦之變：帝道？王道？霸道？彊道？The Change of Qin: ...,Lesson,4,0
3,qin-shi-huang,中國古代歷史與人物－－秦始皇,week7,始皇的祖先－秦的興亡傳奇 （下...,第三次作業,Peer Assignment,1,0
3,qin-shi-huang,中國古代歷史與人物－－秦始皇,week8,始皇的臣子：李斯與秦的滅亡 E...,吉凶從何而來？Luck and Misfortune,Lesson,0,0
3,qin-shi-huang,中國古代歷史與人物－－秦始皇,week8,始皇的臣子：李斯與秦的滅亡 E...,如何說服秦始皇？ How to Convince Emperor Qi...,Lesson,3,0
3,qin-shi-huang,中國古代歷史與人物－－秦始皇,week8,始皇的臣子：李斯與秦的滅亡 E...,富貴極矣，接下來呢？On Wealth and Status,Lesson,1,0
3,qin-shi-huang,中國古代歷史與人物－－秦始皇,week8,始皇的臣子：李斯與秦的滅亡 E...,李斯的選擇 Li Si's Choice,Lesson,1,0
3,qin-shi-huang,中國古代歷史與人物－－秦始皇,week8,始皇的臣子：李斯與秦的滅亡 E...,祖先的誓言有用嗎？Ancestors' Oath,Lesson,2,0
3,qin-shi-huang,中國古代歷史與人物－－秦始皇,week8,始皇的臣子：李斯與秦的滅亡 E...,詬莫大於卑賤，悲莫甚於窮困 On Being Inferior and...,Lesson,4,0
3,qin-shi-huang,中國古代歷史與人物－－秦始皇,week8,始皇的臣子：李斯與秦的滅亡 E...,賢人乎？賤人乎？The Wise or The Lowly,Lesson,2,0
3,qin-shi-huang,中國古代歷史與人物－－秦始皇,week9,後人如何看始皇：漢代畫像石中的...,一個注定失敗的計畫 A Plan Destined for Failu...,Lesson,2,0
3,qin-shi-huang,中國古代歷史與人物－－秦始皇,week9,後人如何看始皇：漢代畫像石中的...,世上有誰愛我？Friend or Foe?,Lesson,3,0
3,qin-shi-huang,中國古代歷史與人物－－秦始皇,week9,後人如何看始皇：漢代畫像石中的...,他其實誰也不相信 Trust No One,Lesson,1,0
3,qin-shi-huang,中國古代歷史與人物－－秦始皇,week9,後人如何看始皇：漢代畫像石中的...,他真的相信誰？Who Does He Truly Trust?,Lesson,1,0
3,qin-shi-huang,中國古代歷史與人物－－秦始皇,week9,後人如何看始皇：漢代畫像石中的...,如何刺殺秦王？ The Assassination of Empero...,Lesson,0,0
3,qin-shi-huang,中國古代歷史與人物－－秦始皇,week9,後人如何看始皇：漢代畫像石中的...,將情感放在理智之上？Sensibility Over Sense?,Lesson,1,0
3,qin-shi-huang,中國古代歷史與人物－－秦始皇,week9,後人如何看始皇：漢代畫像石中的...,歷史學的三大功用 The Three Functions of His...,Lesson,8,0
3,qin-shi-huang,中國古代歷史與人物－－秦始皇,week9,後人如何看始皇：漢代畫像石中的...,歷史是怎麼回事？What is History?,Lesson,2,0
3,qin-shi-huang,中國古代歷史與人物－－秦始皇,week9,後人如何看始皇：漢代畫像石中的...,琴音救了秦王一條命？ The Sound of Guqin Saves...,Lesson,3,0
4,rengong-zhineng,人工智慧(Artificial Intelligence),week1,Introduction & ...,1-1 What is AI (i) - Acting Humanly...,Lesson,116,2
4,rengong-zhineng,人工智慧(Artificial Intelligence),week1,Introduction & ...,1-2 What is AI (ii) - Thinking Rati...,Lesson,52,1
4,rengong-zhineng,人工智慧(Artificial Intelligence),week1,Introduction & ...,|1-3 AI Prehistory and History, Curr...|,Lesson,37,0
4,rengong-zhineng,人工智慧(Artificial Intelligence),week1,Introduction & ...,|1-4 Agents and Environments, Ration...|,Lesson,25,0
4,rengong-zhineng,人工智慧(Artificial Intelligence),week1,Introduction & ...,|1-5 Environment Types, Summary|,Lesson,36,0
4,rengong-zhineng,人工智慧(Artificial Intelligence),week1,Introduction & ...,Help us become better!,Survey,27,2
4,rengong-zhineng,人工智慧(Artificial Intelligence),week1,Introduction & ...,Week 1,Normal Assignment,68,1
4,rengong-zhineng,人工智慧(Artificial Intelligence),week2,Uninformed sear...,|2-1 Problem Solving Agents, Problem...|,Lesson,15,1
4,rengong-zhineng,人工智慧(Artificial Intelligence),week2,Uninformed sear...,2-2 Problem Formulation (ii) - Abst...,Lesson,13,0
4,rengong-zhineng,人工智慧(Artificial Intelligence),week2,Uninformed sear...,2-3 Search on Tree and Graph,Lesson,10,1
4,rengong-zhineng,人工智慧(Artificial Intelligence),week2,Uninformed sear...,2-4 Uninformed Search (i) - Breadth...,Lesson,7,0
4,rengong-zhineng,人工智慧(Artificial Intelligence),week2,Uninformed sear...,2-5 Uninformed Search (ii) - Depth-...,Lesson,4,0
4,rengong-zhineng,人工智慧(Artificial Intelligence),week2,Uninformed sear...,2-6 Uninformed Search (iii) - Itera...,Lesson,10,0
4,rengong-zhineng,人工智慧(Artificial Intelligence),week2,Uninformed sear...,Week 2,Normal Assignment,16,3
4,rengong-zhineng,人工智慧(Artificial Intelligence),week3,Informed search,3-1 Best-First Search (i) - Greedy ...,Lesson,4,1
4,rengong-zhineng,人工智慧(Artificial Intelligence),week3,Informed search,3-2 Best-First Search (ii) - A* Sea...,Lesson,5,1
4,rengong-zhineng,人工智慧(Artificial Intelligence),week3,Informed search,3-3 Best-First Search (iii) - Optim...,Lesson,4,0
4,rengong-zhineng,人工智慧(Artificial Intelligence),week3,Informed search,3-4 Memory Bounded Search (i) - Ite...,Lesson,1,0
4,rengong-zhineng,人工智慧(Artificial Intelligence),week3,Informed search,3-5 Memory Bounded Search (ii) - RB...,Lesson,0,0
4,rengong-zhineng,人工智慧(Artificial Intelligence),week3,Informed search,|3-6 Heuristic - Preformance, Genera...|,Lesson,2,0
4,rengong-zhineng,人工智慧(Artificial Intelligence),week3,Informed search,Week 3,Normal Assignment,9,0
4,rengong-zhineng,人工智慧(Artificial Intelligence),week4,Non-classic sea...,4-1 Black-Box Optimization,Lesson,3,0
4,rengong-zhineng,人工智慧(Artificial Intelligence),week4,Non-classic sea...,4-2 Steepest Descent,Lesson,2,0
4,rengong-zhineng,人工智慧(Artificial Intelligence),week4,Non-classic sea...,4-3 Simulated Annealing,Lesson,0,0
4,rengong-zhineng,人工智慧(Artificial Intelligence),week4,Non-classic sea...,4-4 Evolutionary Computation,Lesson,0,0
4,rengong-zhineng,人工智慧(Artificial Intelligence),week4,Non-classic sea...,4-5 Non-deterministic Actions - AND...,Lesson,0,0
4,rengong-zhineng,人工智慧(Artificial Intelligence),week4,Non-classic sea...,4-6 Partial Observations (ii) - Wit...,Lesson,1,0
4,rengong-zhineng,人工智慧(Artificial Intelligence),week4,Non-classic sea...,4-7 Partial Observations (iii) - Un...,Lesson,2,0
4,rengong-zhineng,人工智慧(Artificial Intelligence),week4,Non-classic sea...,Week 4,Normal Assignment,6,0
4,rengong-zhineng,人工智慧(Artificial Intelligence),week5,Adversarial sea...,|5-1 Type of Games - Symbols, Game T...|,Lesson,4,0
4,rengong-zhineng,人工智慧(Artificial Intelligence),week5,Adversarial sea...,|5-2 Optimal Decision, Negamax Searc...|,Lesson,3,0
4,rengong-zhineng,人工智慧(Artificial Intelligence),week5,Adversarial sea...,5-3 Alpha-Beta Pruning (ii),Lesson,1,0
4,rengong-zhineng,人工智慧(Artificial Intelligence),week5,Adversarial sea...,|5-4 Asperasion Windows, NegaScout|,Lesson,0,0
4,rengong-zhineng,人工智慧(Artificial Intelligence),week5,Adversarial sea...,|5-5 Imperfect Decisions, Forward Pr...|,Lesson,1,0
4,rengong-zhineng,人工智慧(Artificial Intelligence),week5,Adversarial sea...,|5-6 Stochastic Games, Partially Obs...|,Lesson,1,0
4,rengong-zhineng,人工智慧(Artificial Intelligence),week5,Adversarial sea...,Week 5,Normal Assignment,6,0
4,rengong-zhineng,人工智慧(Artificial Intelligence),week6,Propositional L...,6-1 Logical Agents (i) - Generic Kn...,Lesson,0,0
4,rengong-zhineng,人工智慧(Artificial Intelligence),week6,Propositional L...,|6-2 Logical Agents (ii) - Logic, En...|,Lesson,1,0
4,rengong-zhineng,人工智慧(Artificial Intelligence),week6,Propositional L...,|6-3 Propositional Logic, Inference ...|,Lesson,1,0
4,rengong-zhineng,人工智慧(Artificial Intelligence),week6,Propositional L...,6-4 Inference (ii) - Simple Knowled...,Lesson,3,0
4,rengong-zhineng,人工智慧(Artificial Intelligence),week6,Propositional L...,6-5 Resolution and CNF (ii) - Prope...,Lesson,0,0
4,rengong-zhineng,人工智慧(Artificial Intelligence),week6,Propositional L...,6-6 Resolution and CNF (iii) - Horn...,Lesson,0,0
4,rengong-zhineng,人工智慧(Artificial Intelligence),week6,Propositional L...,|6-7 Backward Chaining, Pros and Con...|,Lesson,1,0
4,rengong-zhineng,人工智慧(Artificial Intelligence),week6,Propositional L...,Week 6,Normal Assignment,2,1
4,rengong-zhineng,人工智慧(Artificial Intelligence),week7,First Order Log...,7-1 First-Order Logic (i) - Syntax ...,Lesson,1,0
4,rengong-zhineng,人工智慧(Artificial Intelligence),week7,First Order Log...,7-2 First-Order Logic (ii) - Using ...,Lesson,0,0
4,rengong-zhineng,人工智慧(Artificial Intelligence),week7,First Order Log...,7-3 Inference (ii) - Propositionali...,Lesson,0,0
4,rengong-zhineng,人工智慧(Artificial Intelligence),week7,First Order Log...,|7-4 Inference (iii) - Unification, ...|,Lesson,0,0
4,rengong-zhineng,人工智慧(Artificial Intelligence),week7,First Order Log...,7-5 Inference (iv) - Forward chaini...,Lesson,0,0
4,rengong-zhineng,人工智慧(Artificial Intelligence),week7,First Order Log...,7-6 Logic Programing (i) - Prolog S...,Lesson,1,0
4,rengong-zhineng,人工智慧(Artificial Intelligence),week7,First Order Log...,7-7 Logic Programing (ii) - Redunda...,Lesson,1,0
4,rengong-zhineng,人工智慧(Artificial Intelligence),week7,First Order Log...,7-8 Inference (vi) - Resolution,Lesson,1,0
4,rengong-zhineng,人工智慧(Artificial Intelligence),week7,First Order Log...,Week 7,Normal Assignment,1,1
4,rengong-zhineng,人工智慧(Artificial Intelligence),week7,First Order Log...,問卷網址,Survey,2,0
5,cad-bim-shiwu,CAD/BIM實務總整專題：畢業課程,week1,蓄勢待發,學習指南,Survey,2,0
5,cad-bim-shiwu,CAD/BIM實務總整專題：畢業課程,week1,蓄勢待發,歡迎你,Lesson,0,0
5,cad-bim-shiwu,CAD/BIM實務總整專題：畢業課程,week1,蓄勢待發,製作團隊,Survey,1,0
5,cad-bim-shiwu,CAD/BIM實務總整專題：畢業課程,week1,蓄勢待發,評分方式,Survey,1,0
5,cad-bim-shiwu,CAD/BIM實務總整專題：畢業課程,week1,蓄勢待發,課程FAQ,Survey,1,0
5,cad-bim-shiwu,CAD/BIM實務總整專題：畢業課程,week1,蓄勢待發,課程大綱,Survey,2,0
5,cad-bim-shiwu,CAD/BIM實務總整專題：畢業課程,week1,蓄勢待發,頂尖獎勵,Survey,2,0
5,cad-bim-shiwu,CAD/BIM實務總整專題：畢業課程,week1,蓄勢待發,顧問團隊,Lesson,0,0
5,cad-bim-shiwu,CAD/BIM實務總整專題：畢業課程,week2,案例模型建立（一）,Arup經驗分享：BIM機電塑模,Lesson,1,0
5,cad-bim-shiwu,CAD/BIM實務總整專題：畢業課程,week2,案例模型建立（一）,元件數量檢核,Peer Assignment,0,1
5,cad-bim-shiwu,CAD/BIM實務總整專題：畢業課程,week2,案例模型建立（一）,學習資源,Survey,1,0
5,cad-bim-shiwu,CAD/BIM實務總整專題：畢業課程,week2,案例模型建立（一）,小知識,Survey,1,0
5,cad-bim-shiwu,CAD/BIM實務總整專題：畢業課程,week2,案例模型建立（一）,案例資料,Survey,2,0
5,cad-bim-shiwu,CAD/BIM實務總整專題：畢業課程,week2,案例模型建立（一）,樓梯檢核,Peer Assignment,2,0
5,cad-bim-shiwu,CAD/BIM實務總整專題：畢業課程,week2,案例模型建立（一）,經理的話,Lesson,1,0
5,cad-bim-shiwu,CAD/BIM實務總整專題：畢業課程,week2,案例模型建立（一）,網格及樓層檢核,Peer Assignment,1,0
5,cad-bim-shiwu,CAD/BIM實務總整專題：畢業課程,week3,案例模型建立（二）,Arup經驗分享：BIM結構塑模,Lesson,0,0
5,cad-bim-shiwu,CAD/BIM實務總整專題：畢業課程,week3,案例模型建立（二）,地上層樓梯檢核,Peer Assignment,0,0
5,cad-bim-shiwu,CAD/BIM實務總整專題：畢業課程,week3,案例模型建立（二）,學習資源,Survey,1,0
5,cad-bim-shiwu,CAD/BIM實務總整專題：畢業課程,week3,案例模型建立（二）,建立屋頂層模型,Peer Assignment,0,0
5,cad-bim-shiwu,CAD/BIM實務總整專題：畢業課程,week3,案例模型建立（二）,建立斜牆,Peer Assignment,0,0
5,cad-bim-shiwu,CAD/BIM實務總整專題：畢業課程,week3,案例模型建立（二）,建立裝修材,Peer Assignment,0,0
5,cad-bim-shiwu,CAD/BIM實務總整專題：畢業課程,week3,案例模型建立（二）,經理的話,Lesson,1,0
5,cad-bim-shiwu,CAD/BIM實務總整專題：畢業課程,week4,周遭環境建立,Arup經驗分享：鄰房能耗分析,Lesson,0,0
5,cad-bim-shiwu,CAD/BIM實務總整專題：畢業課程,week4,周遭環境建立,學習資源,Survey,1,0
5,cad-bim-shiwu,CAD/BIM實務總整專題：畢業課程,week4,周遭環境建立,建立周遭建物,Peer Assignment,0,0
5,cad-bim-shiwu,CAD/BIM實務總整專題：畢業課程,week4,周遭環境建立,經理的話,Lesson,1,0
5,cad-bim-shiwu,CAD/BIM實務總整專題：畢業課程,week5,工程數量估算,估算工程所需的混凝土體積,Peer Assignment,0,0
5,cad-bim-shiwu,CAD/BIM實務總整專題：畢業課程,week5,工程數量估算,估算門窗元件數量,Peer Assignment,0,0
5,cad-bim-shiwu,CAD/BIM實務總整專題：畢業課程,week5,工程數量估算,學習資源,Survey,1,0
5,cad-bim-shiwu,CAD/BIM實務總整專題：畢業課程,week5,工程數量估算,經理的話,Lesson,1,0
5,cad-bim-shiwu,CAD/BIM實務總整專題：畢業課程,week6,工程專案4D展示,Arup經驗分享：4D模擬,Lesson,0,0
5,cad-bim-shiwu,CAD/BIM實務總整專題：畢業課程,week6,工程專案4D展示,學習資源,Survey,1,0
5,cad-bim-shiwu,CAD/BIM實務總整專題：畢業課程,week6,工程專案4D展示,建立4D工程模擬,Peer Assignment,0,0
5,cad-bim-shiwu,CAD/BIM實務總整專題：畢業課程,week6,工程專案4D展示,經理的話,Lesson,1,0
5,cad-bim-shiwu,CAD/BIM實務總整專題：畢業課程,week7,設計變更：地下室,Arup經驗分享：BIM導入效益（一）,Lesson,0,0
5,cad-bim-shiwu,CAD/BIM實務總整專題：畢業課程,week7,設計變更：地下室,學習資源,Survey,1,0
5,cad-bim-shiwu,CAD/BIM實務總整專題：畢業課程,week7,設計變更：地下室,小知識,Survey,1,0
5,cad-bim-shiwu,CAD/BIM實務總整專題：畢業課程,week7,設計變更：地下室,工程數量檢視,Peer Assignment,0,0
5,cad-bim-shiwu,CAD/BIM實務總整專題：畢業課程,week7,設計變更：地下室,案例資料,Survey,2,0
5,cad-bim-shiwu,CAD/BIM實務總整專題：畢業課程,week7,設計變更：地下室,模型驗收,Peer Assignment,0,0
5,cad-bim-shiwu,CAD/BIM實務總整專題：畢業課程,week7,設計變更：地下室,經理的話,Lesson,1,0
5,cad-bim-shiwu,CAD/BIM實務總整專題：畢業課程,week7,設計變更：地下室,設計變更4D工程模擬,Peer Assignment,0,0
5,cad-bim-shiwu,CAD/BIM實務總整專題：畢業課程,week8,設計變更：屋頂,Arup經驗分享：BIM導入效益（二）,Lesson,0,0
5,cad-bim-shiwu,CAD/BIM實務總整專題：畢業課程,week8,設計變更：屋頂,學習資源,Survey,1,0
5,cad-bim-shiwu,CAD/BIM實務總整專題：畢業課程,week8,設計變更：屋頂,工程數量檢視,Peer Assignment,0,0
5,cad-bim-shiwu,CAD/BIM實務總整專題：畢業課程,week8,設計變更：屋頂,案例資源,Survey,0,0
5,cad-bim-shiwu,CAD/BIM實務總整專題：畢業課程,week8,設計變更：屋頂,模型驗收,Peer Assignment,0,0
5,cad-bim-shiwu,CAD/BIM實務總整專題：畢業課程,week8,設計變更：屋頂,經理的話,Lesson,1,0
5,cad-bim-shiwu,CAD/BIM實務總整專題：畢業課程,week8,設計變更：屋頂,設計變更4D工程模擬,Peer Assignment,0,0
5,cad-bim-shiwu,CAD/BIM實務總整專題：畢業課程,week9,畢業了！,畢業了！,Lesson,0,0
5,cad-bim-shiwu,CAD/BIM實務總整專題：畢業課程,week9,畢業了！,經理的話,Lesson,1,0
5,cad-bim-shiwu,CAD/BIM實務總整專題：畢業課程,week9,畢業了！,綜整成果,Peer Assignment,0,0
6,shiji,史記（一）（Shi-ji (1) ）,week1,第一講 導論與太史公自序（一）...,1-1 開宗明義：從史記學史記,Lesson,105,3
6,shiji,史記（一）（Shi-ji (1) ）,week1,第一講 導論與太史公自序（一）...,1-2 為什麼要讀史記？,Lesson,45,2
6,shiji,史記（一）（Shi-ji (1) ）,week1,第一講 導論與太史公自序（一）...,1-3 學史記從何開始？,Lesson,26,1
6,shiji,史記（一）（Shi-ji (1) ）,week1,第一講 導論與太史公自序（一）...,1-4 如何培養孩子？,Lesson,23,0
6,shiji,史記（一）（Shi-ji (1) ）,week1,第一講 導論與太史公自序（一）...,1-5 漢武帝的封禪,Lesson,22,0
6,shiji,史記（一）（Shi-ji (1) ）,week1,第一講 導論與太史公自序（一）...,1-6 什麼是責任？,Lesson,19,0
6,shiji,史記（一）（Shi-ji (1) ）,week1,第一講 導論與太史公自序（一）...,1-7 中國史學的危機,Lesson,13,0
6,shiji,史記（一）（Shi-ji (1) ）,week1,第一講 導論與太史公自序（一）...,1-8 他該如何抉擇？,Lesson,20,0
6,shiji,史記（一）（Shi-ji (1) ）,week1,第一講 導論與太史公自序（一）...,1-9 小子何敢讓焉！,Lesson,20,0
6,shiji,史記（一）（Shi-ji (1) ）,week1,第一講 導論與太史公自序（一）...,參考資料,Survey,82,0
6,shiji,史記（一）（Shi-ji (1) ）,week2,第二講 太史公自序（二）（主題...,2-1 是余之罪也夫！,Lesson,13,0
6,shiji,史記（一）（Shi-ji (1) ）,week2,第二講 太史公自序（二）（主題...,2-2 欽念哉！欽念哉！,Lesson,7,0
6,shiji,史記（一）（Shi-ji (1) ）,week2,第二講 太史公自序（二）（主題...,2-3 成一家之言,Lesson,8,0
6,shiji,史記（一）（Shi-ji (1) ）,week2,第二講 太史公自序（二）（主題...,2-4 余述歷黃帝以來至太初而訖，百三十篇,Lesson,10,0
6,shiji,史記（一）（Shi-ji (1) ）,week2,第二講 太史公自序（二）（主題...,2-5 非僅一代良史，明為百王大法,Lesson,9,0
6,shiji,史記（一）（Shi-ji (1) ）,week2,第二講 太史公自序（二）（主題...,2-6 俟後世聖人君子,Lesson,9,0
6,shiji,史記（一）（Shi-ji (1) ）,week2,第二講 太史公自序（二）（主題...,第一次作業,Peer Assignment,15,0
6,shiji,史記（一）（Shi-ji (1) ）,week3,第三講 報任少卿書（上）（主題...,3-1 這封信的開端：一場父子之間的悲劇,Lesson,4,0
6,shiji,史記（一）（Shi-ji (1) ）,week3,第三講 報任少卿書（上）（主題...,3-2 任少卿是誰？,Lesson,3,0
6,shiji,史記（一）（Shi-ji (1) ）,week3,第三講 報任少卿書（上）（主題...,3-3 獨抑鬱而無誰語,Lesson,7,0
6,shiji,史記（一）（Shi-ji (1) ）,week3,第三講 報任少卿書（上）（主題...,3-4 則長逝者魂魄私恨無窮,Lesson,6,0
6,shiji,史記（一）（Shi-ji (1) ）,week3,第三講 報任少卿書（上）（主題...,3-5 尚何言哉！尚何言哉！,Lesson,6,0
6,shiji,史記（一）（Shi-ji (1) ）,week4,第四講 報任少卿書（下）（主題...,4-1 李陵之戰的真相,Lesson,5,1
6,shiji,史記（一）（Shi-ji (1) ）,week4,第四講 報任少卿書（下）（主題...,4-2 明主不深曉？,Lesson,3,0
6,shiji,史記（一）（Shi-ji (1) ）,week4,第四講 報任少卿書（下）（主題...,4-3 此正少卿所親見,Lesson,6,0
6,shiji,史記（一）（Shi-ji (1) ）,week4,第四講 報任少卿書（下）（主題...,4-4 死有重於泰山，有輕於鴻毛,Lesson,3,0
6,shiji,史記（一）（Shi-ji (1) ）,week4,第四講 報任少卿書（下）（主題...,4-5 恨私心有所不盡,Lesson,3,0
6,shiji,史記（一）（Shi-ji (1) ）,week4,第四講 報任少卿書（下）（主題...,4-6 究天人之際，通古今之變，成一家之言,Lesson,1,0
6,shiji,史記（一）（Shi-ji (1) ）,week4,第四講 報任少卿書（下）（主題...,4-7 豈有悔哉！,Lesson,4,0
6,shiji,史記（一）（Shi-ji (1) ）,week4,第四講 報任少卿書（下）（主題...,4-8 《太史公》牛馬走司馬遷,Lesson,5,0
6,shiji,史記（一）（Shi-ji (1) ）,week4,第四講 報任少卿書（下）（主題...,第二次作業,Peer Assignment,5,0
6,shiji,史記（一）（Shi-ji (1) ）,week5,第五講 五帝本紀（主題：好學深...,5-1 黃帝是中華民族的始祖？,Lesson,4,0
6,shiji,史記（一）（Shi-ji (1) ）,week5,第五講 五帝本紀（主題：好學深...,5-2 一個由人類建立的偉大文明,Lesson,4,0
6,shiji,史記（一）（Shi-ji (1) ）,week5,第五講 五帝本紀（主題：好學深...,5-3 他真的想讓嗎？,Lesson,2,0
6,shiji,史記（一）（Shi-ji (1) ）,week5,第五講 五帝本紀（主題：好學深...,5-4 如何試驗一個繼承人？,Lesson,6,0
6,shiji,史記（一）（Shi-ji (1) ）,week5,第五講 五帝本紀（主題：好學深...,5-5 什麼是真正的孝？,Lesson,2,0
6,shiji,史記（一）（Shi-ji (1) ）,week5,第五講 五帝本紀（主題：好學深...,5-6 太史公最美好的政治理想,Lesson,3,0
6,shiji,史記（一）（Shi-ji (1) ）,week5,第五講 五帝本紀（主題：好學深...,5-7 中國歷史為什麼從黃帝開始？,Lesson,4,0
6,shiji,史記（一）（Shi-ji (1) ）,week6,第六講 吳太伯世家（主題：道德...,6-1 不孝之孝,Lesson,3,0
6,shiji,史記（一）（Shi-ji (1) ）,week6,第六講 吳太伯世家（主題：道德...,6-2 這是個好辦法嗎？,Lesson,2,0
6,shiji,史記（一）（Shi-ji (1) ）,week6,第六講 吳太伯世家（主題：道德...,6-3 季札是何許人物？,Lesson,1,0
6,shiji,史記（一）（Shi-ji (1) ）,week6,第六講 吳太伯世家（主題：道德...,6-4 女爭桑則王爭國,Lesson,2,0
6,shiji,史記（一）（Shi-ji (1) ）,week6,第六講 吳太伯世家（主題：道德...,6-5 伍子胥之策,Lesson,1,0
6,shiji,史記（一）（Shi-ji (1) ）,week6,第六講 吳太伯世家（主題：道德...,6-6 公子光之謀,Lesson,1,0
6,shiji,史記（一）（Shi-ji (1) ）,week6,第六講 吳太伯世家（主題：道德...,6-7 這場大亂的根源,Lesson,1,0
6,shiji,史記（一）（Shi-ji (1) ）,week6,第六講 吳太伯世家（主題：道德...,6-8 為什麼做一樣的事，結果完全不同？,Lesson,1,0
6,shiji,史記（一）（Shi-ji (1) ）,week6,第六講 吳太伯世家（主題：道德...,6-9 道德真的不重要嗎？,Lesson,2,0
6,shiji,史記（一）（Shi-ji (1) ）,week6,第六講 吳太伯世家（主題：道德...,第三次作業,Peer Assignment,3,0
6,shiji,史記（一）（Shi-ji (1) ）,week7,第七講 伯夷列傳（主題：儻所謂...,7-1 難道伯夷之前就沒人值得寫嗎？,Lesson,2,0
6,shiji,史記（一）（Shi-ji (1) ）,week7,第七講 伯夷列傳（主題：儻所謂...,7-2 伯夷是否有怨？,Lesson,1,0
6,shiji,史記（一）（Shi-ji (1) ）,week7,第七講 伯夷列傳（主題：儻所謂...,7-3 伯夷不怨，太史公也不怨,Lesson,2,0
6,shiji,史記（一）（Shi-ji (1) ）,week7,第七講 伯夷列傳（主題：儻所謂...,7-4 你這一生，到底要追求什麼？,Lesson,0,0
6,shiji,史記（一）（Shi-ji (1) ）,week7,第七講 伯夷列傳（主題：儻所謂...,7-5 君子疾沒世而名不稱焉,Lesson,0,0
6,shiji,史記（一）（Shi-ji (1) ）,week7,第七講 伯夷列傳（主題：儻所謂...,7-6 歷史學家的責任,Lesson,1,0
6,shiji,史記（一）（Shi-ji (1) ）,week8,先修知識,先修知識 1（開宗明義）,Lesson,3,0
6,shiji,史記（一）（Shi-ji (1) ）,week8,先修知識,先修知識 2（你活在一個什麼樣的時代？上）,Lesson,2,0
6,shiji,史記（一）（Shi-ji (1) ）,week8,先修知識,先修知識 3（你活在一個什麼樣的時代？下）,Lesson,0,0
6,shiji,史記（一）（Shi-ji (1) ）,week8,先修知識,先修知識 4（讀歷史有什麼用？）,Lesson,1,0
6,shiji,史記（一）（Shi-ji (1) ）,week8,先修知識,先修知識 5（如何讀歷史才有用？）,Lesson,0,0
6,shiji,史記（一）（Shi-ji (1) ）,week8,先修知識,先修知識 6（經典閱讀示例一）,Lesson,2,0
6,shiji,史記（一）（Shi-ji (1) ）,week8,先修知識,先修知識 7（經典閱讀示例二）,Lesson,1,0
6,shiji,史記（一）（Shi-ji (1) ）,week8,先修知識,先修知識 8（經典閱讀示例三）,Lesson,1,0
6,shiji,史記（一）（Shi-ji (1) ）,week8,先修知識,先修知識 9（經典閱讀示例四）,Lesson,2,0
7,tang-poems,唐詩新思路,week1,課程資訊,團隊副本,Survey,24,0
7,tang-poems,唐詩新思路,week1,課程資訊,相關網站連結,Survey,25,0
7,tang-poems,唐詩新思路,week1,課程資訊,製作團隊,Survey,46,0
7,tang-poems,唐詩新思路,week1,課程資訊,課程簡介,Lesson,80,1
7,tang-poems,唐詩新思路,week1,課程資訊,談談您對這堂課的認識（填寫時間：4 分鐘）,Survey,15,0
7,tang-poems,唐詩新思路,week1,課程資訊,請你簡短表達對這堂課程的期待：）,,18,0
7,tang-poems,唐詩新思路,week2,第一講：陳子昂——「陽違陰奉」...,0-1-1 唐詩的特色與價值,Lesson,80,1
7,tang-poems,唐詩新思路,week2,第一講：陳子昂——「陽違陰奉」...,0-1-2 尊重與了解,Lesson,45,0
7,tang-poems,唐詩新思路,week2,第一講：陳子昂——「陽違陰奉」...,1-1 背景介紹與基本釋義,Lesson,32,1
7,tang-poems,唐詩新思路,week2,第一講：陳子昂——「陽違陰奉」...,1-2 陳子昂的復古理論,Lesson,28,0
7,tang-poems,唐詩新思路,week2,第一講：陳子昂——「陽違陰奉」...,1-3-1 李白版的中國詩歌史,Lesson,28,0
7,tang-poems,唐詩新思路,week2,第一講：陳子昂——「陽違陰奉」...,1-3-2 孔子的絕望,Lesson,21,0
7,tang-poems,唐詩新思路,week2,第一講：陳子昂——「陽違陰奉」...,1-3-3 復古價值觀的確立,Lesson,10,0
7,tang-poems,唐詩新思路,week2,第一講：陳子昂——「陽違陰奉」...,1-4 〈登幽州臺歌〉的六朝元素,Lesson,23,0
7,tang-poems,唐詩新思路,week2,第一講：陳子昂——「陽違陰奉」...,1-5 反對的對反——陳子昂對六朝的吸收,Lesson,20,0
7,tang-poems,唐詩新思路,week2,第一講：陳子昂——「陽違陰奉」...,1-6 杜甫、韓愈的勸告：正確的判斷與寬廣的胸襟,Lesson,29,0
7,tang-poems,唐詩新思路,week2,第一講：陳子昂——「陽違陰奉」...,第一講 課程討論：「人」的複雜意涵,,4,0
7,tang-poems,唐詩新思路,week2,第一講：陳子昂——「陽違陰奉」...,第一講 選擇題測驗,Normal Assignment,45,1
7,tang-poems,唐詩新思路,week3,第二講：王維——「寒梅著花未」...,2-1 王維〈雜詩〉基本解釋,Lesson,12,0
7,tang-poems,唐詩新思路,week3,第二講：王維——「寒梅著花未」...,2-2 王績——先行者的作法,Lesson,7,0
7,tang-poems,唐詩新思路,week3,第二講：王維——「寒梅著花未」...,2-3-1 〈雜詩〉的獨特與歷來詮解的歧異,Lesson,11,0
7,tang-poems,唐詩新思路,week3,第二講：王維——「寒梅著花未」...,2-3-2 第一瞬間的反應：自我防衛的心理機制,Lesson,14,0
7,tang-poems,唐詩新思路,week3,第二講：王維——「寒梅著花未」...,2-3-3 「不敢問」的情怯,Lesson,7,0
7,tang-poems,唐詩新思路,week3,第二講：王維——「寒梅著花未」...,2-4-1 超乎言語所能表達的人生歷練之苦,Lesson,14,0
7,tang-poems,唐詩新思路,week3,第二講：王維——「寒梅著花未」...,2-4-2 單子沒有窗戶：人的有限性及絕對的孤獨,Lesson,7,0
7,tang-poems,唐詩新思路,week3,第二講：王維——「寒梅著花未」...,2-4-3 訴說的痛苦：三種因訴說而受傷的模式,Lesson,17,0
7,tang-poems,唐詩新思路,week3,第二講：王維——「寒梅著花未」...,2-4-4 天氣：不會受傷的社交話題,Lesson,5,0
7,tang-poems,唐詩新思路,week3,第二講：王維——「寒梅著花未」...,2-5 總結,Lesson,13,0
7,tang-poems,唐詩新思路,week3,第二講：王維——「寒梅著花未」...,第二講 選擇題測驗,Normal Assignment,17,0
7,tang-poems,唐詩新思路,week4,第三講：李白——〈清平調三首〉...,3-1 「布衣入宮」——天時、地利、人和的奇蹟,Lesson,11,0
7,tang-poems,唐詩新思路,week4,第三講：李白——〈清平調三首〉...,3-2-1 「帝王/浪漫情人」的奇蹟,Lesson,8,0
7,tang-poems,唐詩新思路,week4,第三講：李白——〈清平調三首〉...,3-2-2 「帝妃之愛」的奇蹟,Lesson,9,0
7,tang-poems,唐詩新思路,week4,第三講：李白——〈清平調三首〉...,3-3 由天上到人間、從神話到真實,Lesson,6,0
7,tang-poems,唐詩新思路,week4,第三講：李白——〈清平調三首〉...,3-4-1 國色天香的牡丹,Lesson,6,0
7,tang-poems,唐詩新思路,week4,第三講：李白——〈清平調三首〉...,3-4-2 母儀天下的女神,Lesson,3,0
7,tang-poems,唐詩新思路,week4,第三講：李白——〈清平調三首〉...,3-4-3 歷史上的名美人,Lesson,9,0
7,tang-poems,唐詩新思路,week4,第三講：李白——〈清平調三首〉...,3-5-1 不可能是諷刺,Lesson,10,0
7,tang-poems,唐詩新思路,week4,第三講：李白——〈清平調三首〉...,3-5-2 歌頌永恆的帝妃之愛,Lesson,6,0
7,tang-poems,唐詩新思路,week4,第三講：李白——〈清平調三首〉...,3-6 李白：超越自我的偉大詩人,Lesson,8,0
7,tang-poems,唐詩新思路,week4,第三講：李白——〈清平調三首〉...,第三講 互評題測驗,Peer Assignment,9,0
7,tang-poems,唐詩新思路,week4,第三講：李白——〈清平調三首〉...,第三講 選擇題測驗,Normal Assignment,20,0
7,tang-poems,唐詩新思路,week5,第四講：杜甫——〈月夜〉的妻子...,4-1 背景介紹與基本釋義,Lesson,6,0
7,tang-poems,唐詩新思路,week5,第四講：杜甫——〈月夜〉的妻子...,4-2 歷史上、文學中的妻子,Lesson,11,0
7,tang-poems,唐詩新思路,week5,第四講：杜甫——〈月夜〉的妻子...,4-3-1 杜甫的婚姻與同甘共苦的恩情,Lesson,5,0
7,tang-poems,唐詩新思路,week5,第四講：杜甫——〈月夜〉的妻子...,4-3-2 倫理原則：地母的造型,Lesson,6,0
7,tang-poems,唐詩新思路,week5,第四講：杜甫——〈月夜〉的妻子...,4-4-1 宮體豔情的文學傳統,Lesson,2,0
7,tang-poems,唐詩新思路,week5,第四講：杜甫——〈月夜〉的妻子...,4-4-2 非倫理的男性凝視：神女書寫,Lesson,6,0
7,tang-poems,唐詩新思路,week5,第四講：杜甫——〈月夜〉的妻子...,4-4-3 婚戀中的女性：地母/神女的統一,Lesson,5,0
7,tang-poems,唐詩新思路,week5,第四講：杜甫——〈月夜〉的妻子...,4-5 「夫妻風懷詩」的巔峰與集大成,Lesson,3,0
7,tang-poems,唐詩新思路,week5,第四講：杜甫——〈月夜〉的妻子...,4-6 詩聖：集大成與新開創,Lesson,10,0
7,tang-poems,唐詩新思路,week5,第四講：杜甫——〈月夜〉的妻子...,第四講 課程討論：圓型人物,,0,0
7,tang-poems,唐詩新思路,week5,第四講：杜甫——〈月夜〉的妻子...,第四講 選擇題測驗,Normal Assignment,8,1
7,tang-poems,唐詩新思路,week6,第五講：白居易——「琵琶女」的...,5-1 背景介紹與基本釋義,Lesson,4,0
7,tang-poems,唐詩新思路,week6,第五講：白居易——「琵琶女」的...,5-2-1 人性多樣化的新認識,Lesson,4,0
7,tang-poems,唐詩新思路,week6,第五講：白居易——「琵琶女」的...,5-2-2 小說化的歌行體,Lesson,3,0
7,tang-poems,唐詩新思路,week6,第五講：白居易——「琵琶女」的...,5-2-3 紀實與小說：必然的邂逅,Lesson,6,0
7,tang-poems,唐詩新思路,week6,第五講：白居易——「琵琶女」的...,5-3-1 「幽咽泉流水下灘」的先行者,Lesson,4,0
7,tang-poems,唐詩新思路,week6,第五講：白居易——「琵琶女」的...,5-3-2 「幽咽泉流水下灘」的合理修訂,Lesson,4,0
7,tang-poems,唐詩新思路,week6,第五講：白居易——「琵琶女」的...,5-4-1 琵琶女的成長與天賦,Lesson,7,0
7,tang-poems,唐詩新思路,week6,第五講：白居易——「琵琶女」的...,5-4-2 同類中的異數,Lesson,6,0
7,tang-poems,唐詩新思路,week6,第五講：白居易——「琵琶女」的...,5-4-3 琵琶女的性格特質,Lesson,7,0
7,tang-poems,唐詩新思路,week6,第五講：白居易——「琵琶女」的...,5-5-1 白居易的缺憾,Lesson,6,0
7,tang-poems,唐詩新思路,week6,第五講：白居易——「琵琶女」的...,5-5-2 「同是天涯淪落人」的等同意義,Lesson,5,0
7,tang-poems,唐詩新思路,week6,第五講：白居易——「琵琶女」的...,5-5-3 「投射心理」的發動,Lesson,1,0
7,tang-poems,唐詩新思路,week6,第五講：白居易——「琵琶女」的...,5-5-4 「詩」與「序」的分裂,Lesson,2,0
7,tang-poems,唐詩新思路,week6,第五講：白居易——「琵琶女」的...,5-6 「諷喻詩」：曇花一現的風骨,Lesson,7,0
7,tang-poems,唐詩新思路,week6,第五講：白居易——「琵琶女」的...,第五講 互評題測驗,Peer Assignment,1,0
7,tang-poems,唐詩新思路,week6,第五講：白居易——「琵琶女」的...,第五講 選擇題測驗,Normal Assignment,9,0
7,tang-poems,唐詩新思路,week7,第六講：李商隱——〈錦瑟〉的悲...,6-1 無題的淒苦：獨恨無人作鄭箋,Lesson,6,0
7,tang-poems,唐詩新思路,week7,第六講：李商隱——〈錦瑟〉的悲...,6-2-1 「錦瑟」的意象特點：美麗與哀愁的結晶,Lesson,7,0
7,tang-poems,唐詩新思路,week7,第六講：李商隱——〈錦瑟〉的悲...,6-2-2 〈錦瑟〉詩的意象特點：回顧一生的過眼雲煙,Lesson,5,1
7,tang-poems,唐詩新思路,week7,第六講：李商隱——〈錦瑟〉的悲...,6-3 習慣於絕望,Lesson,4,0
7,tang-poems,唐詩新思路,week7,第六講：李商隱——〈錦瑟〉的悲...,6-4 自我的墓誌銘,Lesson,3,0
7,tang-poems,唐詩新思路,week7,第六講：李商隱——〈錦瑟〉的悲...,第六講 課程討論：詩人的執著,,0,0
7,tang-poems,唐詩新思路,week7,第六講：李商隱——〈錦瑟〉的悲...,第六講 選擇題測驗,Normal Assignment,5,0
7,tang-poems,唐詩新思路,week7,第六講：李商隱——〈錦瑟〉的悲...,聊聊您堅持到這的想法（填寫時間：3 - 15 分鐘）,Survey,3,0
8,ji-chu-guang-xue,基礎光學 I,week1,課程介紹,作業認證、評分與證書,Survey,21,0
8,ji-chu-guang-xue,基礎光學 I,week1,課程介紹,課程介紹,Lesson,33,1
8,ji-chu-guang-xue,基礎光學 I,week1,課程介紹,課程大綱,Survey,35,0
8,ji-chu-guang-xue,基礎光學 I,week2,光學簡介,光學的歷史回顧,Lesson,10,0
8,ji-chu-guang-xue,基礎光學 I,week2,光學簡介,光學簡介,Normal Assignment,16,5
8,ji-chu-guang-xue,基礎光學 I,week2,光學簡介,光的本質究竟是? (1),Lesson,13,0
8,ji-chu-guang-xue,基礎光學 I,week2,光學簡介,光的本質究竟是? (2),Lesson,5,0
8,ji-chu-guang-xue,基礎光學 I,week2,光學簡介,同伴互評,Peer Assignment,9,0
8,ji-chu-guang-xue,基礎光學 I,week2,光學簡介,生活中的光學,Lesson,17,0
8,ji-chu-guang-xue,基礎光學 I,week2,光學簡介,課程投影片,Survey,4,0
8,ji-chu-guang-xue,基礎光學 I,week3,光與物質的交互作用,光與物質的交互作用,Normal Assignment,0,1
8,ji-chu-guang-xue,基礎光學 I,week3,光與物質的交互作用,全反射,Lesson,4,0
8,ji-chu-guang-xue,基礎光學 I,week3,光與物質的交互作用,反射與折射,Lesson,4,0
8,ji-chu-guang-xue,基礎光學 I,week3,光與物質的交互作用,同伴互評,Peer Assignment,9,0
8,ji-chu-guang-xue,基礎光學 I,week3,光與物質的交互作用,吸收,Lesson,0,0
8,ji-chu-guang-xue,基礎光學 I,week3,光與物質的交互作用,放光,Lesson,1,0
8,ji-chu-guang-xue,基礎光學 I,week3,光與物質的交互作用,散射,Lesson,4,0
8,ji-chu-guang-xue,基礎光學 I,week3,光與物質的交互作用,為什麼要念大學？,Lesson,6,0
8,ji-chu-guang-xue,基礎光學 I,week3,光與物質的交互作用,課程投影片,Survey,4,0
8,ji-chu-guang-xue,基礎光學 I,week4,幾何光學,以光線追蹤法看球面成像 – 矩陣幾何光學,Lesson,3,0
8,ji-chu-guang-xue,基礎光學 I,week4,幾何光學,以矩陣幾何光學分析薄透鏡成像 (1),Lesson,4,0
8,ji-chu-guang-xue,基礎光學 I,week4,幾何光學,以矩陣幾何光學分析薄透鏡成像 (2),Lesson,2,0
8,ji-chu-guang-xue,基礎光學 I,week4,幾何光學,厚透鏡與反射鏡 (1),Lesson,2,0
8,ji-chu-guang-xue,基礎光學 I,week4,幾何光學,厚透鏡與反射鏡 (2),Lesson,2,0
8,ji-chu-guang-xue,基礎光學 I,week4,幾何光學,幾何光學,Normal Assignment,1,1
8,ji-chu-guang-xue,基礎光學 I,week4,幾何光學,幾何光學的概念,Lesson,8,0
8,ji-chu-guang-xue,基礎光學 I,week4,幾何光學,數學是物理之母-如何用數學描述一道光線的前進？,Lesson,1,0
8,ji-chu-guang-xue,基礎光學 I,week4,幾何光學,課程投影片,Survey,4,0
8,ji-chu-guang-xue,基礎光學 I,week4,幾何光學,關鍵能力,Lesson,5,0
8,ji-chu-guang-xue,基礎光學 I,week5,眼睛的光學,如何解放自己的學習,Lesson,1,0
8,ji-chu-guang-xue,基礎光學 I,week5,眼睛的光學,|水晶體, 玻璃體|,Lesson,1,0
8,ji-chu-guang-xue,基礎光學 I,week5,眼睛的光學,眼睛各部分的光學特性 (1),Lesson,4,0
8,ji-chu-guang-xue,基礎光學 I,week5,眼睛的光學,眼睛各部分的光學特性 (2),Lesson,3,0
8,ji-chu-guang-xue,基礎光學 I,week5,眼睛的光學,眼睛的光學,Normal Assignment,0,1
8,ji-chu-guang-xue,基礎光學 I,week5,眼睛的光學,|眼睛的簡化光學模型,視角,大腦對視覺成像的影響 (1)|,Lesson,2,0
8,ji-chu-guang-xue,基礎光學 I,week5,眼睛的光學,|眼睛的簡化光學模型,視角,大腦對視覺成像的影響 (2)|,Lesson,1,0
8,ji-chu-guang-xue,基礎光學 I,week5,眼睛的光學,瞳孔的作用 (1),Lesson,3,0
8,ji-chu-guang-xue,基礎光學 I,week5,眼睛的光學,瞳孔的作用 (2),Lesson,1,0
8,ji-chu-guang-xue,基礎光學 I,week5,眼睛的光學,繞射與視覺解析度 (1),Lesson,1,0
8,ji-chu-guang-xue,基礎光學 I,week5,眼睛的光學,繞射與視覺解析度 (2),Lesson,1,0
8,ji-chu-guang-xue,基礎光學 I,week5,眼睛的光學,視網膜 (1),Lesson,1,0
8,ji-chu-guang-xue,基礎光學 I,week5,眼睛的光學,視網膜 (2),Lesson,1,0
8,ji-chu-guang-xue,基礎光學 I,week5,眼睛的光學,課程投影片,Survey,4,0
8,ji-chu-guang-xue,基礎光學 I,week6,其他成像系統,也是蠻浪漫的觀察草履蟲 -- 顯微鏡原理 (1),Lesson,2,0
8,ji-chu-guang-xue,基礎光學 I,week6,其他成像系統,光場相機(特別來賓),Lesson,0,0
8,ji-chu-guang-xue,基礎光學 I,week6,其他成像系統,其他成像系統,Normal Assignment,0,0
8,ji-chu-guang-xue,基礎光學 I,week6,其他成像系統,同伴互評,Peer Assignment,9,0
8,ji-chu-guang-xue,基礎光學 I,week6,其他成像系統,從最簡單的放大鏡開始,Lesson,0,0
8,ji-chu-guang-xue,基礎光學 I,week6,其他成像系統,浪漫的夜觀星空 -- 望遠鏡原理 (2),Lesson,1,0
8,ji-chu-guang-xue,基礎光學 I,week6,其他成像系統,照相機裡面到底有什麼？ -- 淺談相機原理 (1),Lesson,0,0
8,ji-chu-guang-xue,基礎光學 I,week6,其他成像系統,照相機裡面到底有什麼？ -- 淺談相機原理 (2),Lesson,0,0
8,ji-chu-guang-xue,基礎光學 I,week6,其他成像系統,相機的歷史-針孔相機 (1),Lesson,0,0
8,ji-chu-guang-xue,基礎光學 I,week6,其他成像系統,相機的歷史-針孔相機 (2),Lesson,1,0
8,ji-chu-guang-xue,基礎光學 I,week6,其他成像系統,課程投影片,Survey,4,0
8,ji-chu-guang-xue,基礎光學 I,week6,其他成像系統,走進自然,Lesson,0,0
8,ji-chu-guang-xue,基礎光學 I,week6,其他成像系統,進階光學顯微技術(1),Lesson,0,0
8,ji-chu-guang-xue,基礎光學 I,week6,其他成像系統,進階光學顯微技術(2),Lesson,1,0
8,ji-chu-guang-xue,基礎光學 I,week7,光學像差,|像差的起源,一階與二階像差(1)|,Lesson,2,0
8,ji-chu-guang-xue,基礎光學 I,week7,光學像差,|像差的起源,一階與二階像差(2)|,Lesson,2,0
8,ji-chu-guang-xue,基礎光學 I,week7,光學像差,光學像差,Normal Assignment,1,0
8,ji-chu-guang-xue,基礎光學 I,week7,光學像差,同伴互評,Peer Assignment,9,0
8,ji-chu-guang-xue,基礎光學 I,week7,光學像差,彗星和散光像差(1),Lesson,1,0
8,ji-chu-guang-xue,基礎光學 I,week7,光學像差,彗星和散光像差(2),Lesson,1,0
8,ji-chu-guang-xue,基礎光學 I,week7,光學像差,曲面像差與變形像差,Lesson,0,0
8,ji-chu-guang-xue,基礎光學 I,week7,光學像差,最終話,Lesson,0,0
8,ji-chu-guang-xue,基礎光學 I,week7,光學像差,球面像差(1),Lesson,0,0
8,ji-chu-guang-xue,基礎光學 I,week7,光學像差,球面像差(2),Lesson,3,0
8,ji-chu-guang-xue,基礎光學 I,week7,光學像差,色像差,Lesson,1,0
8,ji-chu-guang-xue,基礎光學 I,week7,光學像差,課程投影片,Survey,4,0
8,ji-chu-guang-xue,基礎光學 I,week8,期末考,期末考,Normal Assignment,2,0
8,ji-chu-guang-xue,基礎光學 I,week8,期末考,額外題目：同伴互評,,1,0
9,shiyan-jingji-xue,實驗經濟學 (Experimental Economics I: Behavioral Game Theory),week1,實驗經濟學,1-1 實驗經濟學：簡介,Lesson,17,1
9,shiyan-jingji-xue,實驗經濟學 (Experimental Economics I: Behavioral Game Theory),week1,實驗經濟學,1-2 發現看不見的手,Lesson,7,0
9,shiyan-jingji-xue,實驗經濟學 (Experimental Economics I: Behavioral Game Theory),week1,實驗經濟學,1-3 行為賽局論：簡介,Lesson,2,0
9,shiyan-jingji-xue,實驗經濟學 (Experimental Economics I: Behavioral Game Theory),week1,實驗經濟學,1-4 最後通牒談判,Lesson,4,0
9,shiyan-jingji-xue,實驗經濟學 (Experimental Economics I: Behavioral Game Theory),week1,實驗經濟學,1-5 選美結果預測賽局,Lesson,3,1
9,shiyan-jingji-xue,實驗經濟學 (Experimental Economics I: Behavioral Game Theory),week1,實驗經濟學,1-6 產業發展分水嶺/結語,Lesson,2,1
9,shiyan-jingji-xue,實驗經濟學 (Experimental Economics I: Behavioral Game Theory),week1,實驗經濟學,最後通牒談判實驗,Normal Assignment,8,0
9,shiyan-jingji-xue,實驗經濟學 (Experimental Economics I: Behavioral Game Theory),week1,實驗經濟學,第一週有符合你的期待嗎？,,15,0
9,shiyan-jingji-xue,實驗經濟學 (Experimental Economics I: Behavioral Game Theory),week1,實驗經濟學,選美結果預測賽局,Normal Assignment,0,0
9,shiyan-jingji-xue,實驗經濟學 (Experimental Economics I: Behavioral Game Theory),week2,個別決策與實驗設計,2-1 個別決策：風險偏好(1),Lesson,1,0
9,shiyan-jingji-xue,實驗經濟學 (Experimental Economics I: Behavioral Game Theory),week2,個別決策與實驗設計,2-2 個別決策：風險偏好(2),Lesson,4,0
9,shiyan-jingji-xue,實驗經濟學 (Experimental Economics I: Behavioral Game Theory),week2,個別決策與實驗設計,2-3 個別決策：時間偏好,Lesson,3,0
9,shiyan-jingji-xue,實驗經濟學 (Experimental Economics I: Behavioral Game Theory),week2,個別決策與實驗設計,2-4 實驗設計原理(1),Lesson,3,0
9,shiyan-jingji-xue,實驗經濟學 (Experimental Economics I: Behavioral Game Theory),week2,個別決策與實驗設計,2-5 實驗設計原理(2),Lesson,2,0
9,shiyan-jingji-xue,實驗經濟學 (Experimental Economics I: Behavioral Game Theory),week2,個別決策與實驗設計,2-6 實驗設計原理(3),Lesson,0,0
9,shiyan-jingji-xue,實驗經濟學 (Experimental Economics I: Behavioral Game Theory),week2,個別決策與實驗設計,2-7 實驗設計原理(4),Lesson,1,0
9,shiyan-jingji-xue,實驗經濟學 (Experimental Economics I: Behavioral Game Theory),week2,個別決策與實驗設計,第二週的課程有符合期待嗎？,,3,0
9,shiyan-jingji-xue,實驗經濟學 (Experimental Economics I: Behavioral Game Theory),week3,社會偏好 - 1,3-1 社會偏好: 介紹,Lesson,3,0
9,shiyan-jingji-xue,實驗經濟學 (Experimental Economics I: Behavioral Game Theory),week3,社會偏好 - 1,3-2 囚犯的兩難與自願捐輸賽局(1),Lesson,2,0
9,shiyan-jingji-xue,實驗經濟學 (Experimental Economics I: Behavioral Game Theory),week3,社會偏好 - 1,3-3 囚犯的兩難與自願捐輸賽局(2),Lesson,2,0
9,shiyan-jingji-xue,實驗經濟學 (Experimental Economics I: Behavioral Game Theory),week3,社會偏好 - 1,3-4 最後通牒談判,Lesson,3,0
9,shiyan-jingji-xue,實驗經濟學 (Experimental Economics I: Behavioral Game Theory),week3,社會偏好 - 1,囚犯的兩難與自願捐輸賽局,Normal Assignment,2,0
9,shiyan-jingji-xue,實驗經濟學 (Experimental Economics I: Behavioral Game Theory),week3,社會偏好 - 1,第三週的課程有任何問題嗎？,,3,0
9,shiyan-jingji-xue,實驗經濟學 (Experimental Economics I: Behavioral Game Theory),week4,社會偏好 - 2,4-1 效用函數：Guilt-Envy and ERC,Lesson,1,0
9,shiyan-jingji-xue,實驗經濟學 (Experimental Economics I: Behavioral Game Theory),week4,社會偏好 - 2,4-2 解釋社會偏好賽局結果(1),Lesson,2,0
9,shiyan-jingji-xue,實驗經濟學 (Experimental Economics I: Behavioral Game Theory),week4,社會偏好 - 2,4-3 解釋社會偏好賽局結果(2),Lesson,2,0
9,shiyan-jingji-xue,實驗經濟學 (Experimental Economics I: Behavioral Game Theory),week4,社會偏好 - 2,4-4 Fairness Equilibrium (1),Lesson,2,0
9,shiyan-jingji-xue,實驗經濟學 (Experimental Economics I: Behavioral Game Theory),week4,社會偏好 - 2,4-5 Fairness Equilibrium (2),Lesson,0,0
9,shiyan-jingji-xue,實驗經濟學 (Experimental Economics I: Behavioral Game Theory),week4,社會偏好 - 2,4-6 信任賽局 (1),Lesson,1,0
9,shiyan-jingji-xue,實驗經濟學 (Experimental Economics I: Behavioral Game Theory),week4,社會偏好 - 2,4-7 信任賽局 (2),Lesson,1,0
9,shiyan-jingji-xue,實驗經濟學 (Experimental Economics I: Behavioral Game Theory),week4,社會偏好 - 2,4-8 信任賽局 (3): 勞資關係 / 結語,Lesson,1,0
9,shiyan-jingji-xue,實驗經濟學 (Experimental Economics I: Behavioral Game Theory),week4,社會偏好 - 2,信任賽局實驗,Normal Assignment,3,0
9,shiyan-jingji-xue,實驗經濟學 (Experimental Economics I: Behavioral Game Theory),week4,社會偏好 - 2,獨裁分配賽局實驗,Normal Assignment,0,0
9,shiyan-jingji-xue,實驗經濟學 (Experimental Economics I: Behavioral Game Theory),week5,混合策略的均衡實驗,5-1 混合策略均衡(1)：剪刀石頭布,Lesson,1,0
9,shiyan-jingji-xue,實驗經濟學 (Experimental Economics I: Behavioral Game Theory),week5,混合策略的均衡實驗,5-2 混合策略均衡(2)：Maxmin與混合策略實驗現況,Lesson,0,0
9,shiyan-jingji-xue,實驗經濟學 (Experimental Economics I: Behavioral Game Theory),week5,混合策略的均衡實驗,5-3 混合策略實驗(1)：Joker Game,Lesson,0,0
9,shiyan-jingji-xue,實驗經濟學 (Experimental Economics I: Behavioral Game Theory),week5,混合策略的均衡實驗,5-4 混合策略實驗(2)：產生數列與三種選擇的黑白猜,Lesson,0,0
9,shiyan-jingji-xue,實驗經濟學 (Experimental Economics I: Behavioral Game Theory),week5,混合策略的均衡實驗,5-5 混合策略實驗(3)：亂數產生器與黑白猜,Lesson,0,0
9,shiyan-jingji-xue,實驗經濟學 (Experimental Economics I: Behavioral Game Theory),week5,混合策略的均衡實驗,5-6 混合策略研究(1)：實際現場的MSE,Lesson,1,0
9,shiyan-jingji-xue,實驗經濟學 (Experimental Economics I: Behavioral Game Theory),week5,混合策略的均衡實驗,5-7 混合策略研究(2)：兩項現場實驗的結果 - 結語,Lesson,1,0
9,shiyan-jingji-xue,實驗經濟學 (Experimental Economics I: Behavioral Game Theory),week5,混合策略的均衡實驗,Joker Game,Normal Assignment,0,0
9,shiyan-jingji-xue,實驗經濟學 (Experimental Economics I: Behavioral Game Theory),week5,混合策略的均衡實驗,Matching Pennies Game,Normal Assignment,0,0
9,shiyan-jingji-xue,實驗經濟學 (Experimental Economics I: Behavioral Game Theory),week5,混合策略的均衡實驗,三種選擇的黑白猜賽局,Normal Assignment,1,0
9,shiyan-jingji-xue,實驗經濟學 (Experimental Economics I: Behavioral Game Theory),week5,混合策略的均衡實驗,不同的黑白猜賽局,Normal Assignment,1,0
9,shiyan-jingji-xue,實驗經濟學 (Experimental Economics I: Behavioral Game Theory),week5,混合策略的均衡實驗,剪刀石頭布實驗,Normal Assignment,2,0
9,shiyan-jingji-xue,實驗經濟學 (Experimental Economics I: Behavioral Game Theory),week6,議價談判,6-1 議價談判：簡介,Lesson,1,0
9,shiyan-jingji-xue,實驗經濟學 (Experimental Economics I: Behavioral Game Theory),week6,議價談判,6-2 自由談判(1),Lesson,0,0
9,shiyan-jingji-xue,實驗經濟學 (Experimental Economics I: Behavioral Game Theory),week6,議價談判,6-3 自由談判(2) 後續研究,Lesson,1,0
9,shiyan-jingji-xue,實驗經濟學 (Experimental Economics I: Behavioral Game Theory),week6,議價談判,6-4 制式談判(1),Lesson,1,0
9,shiyan-jingji-xue,實驗經濟學 (Experimental Economics I: Behavioral Game Theory),week6,議價談判,6-5 制式談判(2),Lesson,0,0
9,shiyan-jingji-xue,實驗經濟學 (Experimental Economics I: Behavioral Game Theory),week6,議價談判,6-6 單方資訊不透明下的談判,Lesson,0,0
9,shiyan-jingji-xue,實驗經濟學 (Experimental Economics I: Behavioral Game Theory),week6,議價談判,6-7 雙方資訊不透明下的談判,Lesson,0,0
9,shiyan-jingji-xue,實驗經濟學 (Experimental Economics I: Behavioral Game Theory),week7,優勢可解賽局實驗,7-1 優勢可解賽局：介紹,Lesson,1,0
9,shiyan-jingji-xue,實驗經濟學 (Experimental Economics I: Behavioral Game Theory),week7,優勢可解賽局實驗,7-2 優勢可解賽局實驗 / 延伸研究(1),Lesson,0,0
9,shiyan-jingji-xue,實驗經濟學 (Experimental Economics I: Behavioral Game Theory),week7,優勢可解賽局實驗,7-3 延伸研究(2),Lesson,0,0
9,shiyan-jingji-xue,實驗經濟學 (Experimental Economics I: Behavioral Game Theory),week7,優勢可解賽局實驗,7-4 蜈蚣賽局 Centipede Game (1),Lesson,0,0
9,shiyan-jingji-xue,實驗經濟學 (Experimental Economics I: Behavioral Game Theory),week7,優勢可解賽局實驗,7-5 蜈蚣賽局 Centipede Game (2),Lesson,0,0
9,shiyan-jingji-xue,實驗經濟學 (Experimental Economics I: Behavioral Game Theory),week7,優勢可解賽局實驗,7-6 槍打出頭鳥 Mechanism Design,Lesson,1,0
9,shiyan-jingji-xue,實驗經濟學 (Experimental Economics I: Behavioral Game Theory),week7,優勢可解賽局實驗,7-7 髒臉賽局 Dirty Face Game,Lesson,0,0
9,shiyan-jingji-xue,實驗經濟學 (Experimental Economics I: Behavioral Game Theory),week7,優勢可解賽局實驗,優勢可解賽局(1),Normal Assignment,0,0
9,shiyan-jingji-xue,實驗經濟學 (Experimental Economics I: Behavioral Game Theory),week7,優勢可解賽局實驗,優勢可解賽局(2),Normal Assignment,0,0
9,shiyan-jingji-xue,實驗經濟學 (Experimental Economics I: Behavioral Game Theory),week8,多層次思考,8-1 多層次思考：簡介 : 捉迷藏賽局,Lesson,0,0
9,shiyan-jingji-xue,實驗經濟學 (Experimental Economics I: Behavioral Game Theory),week8,多層次思考,8-2 同時決定的優勢可解賽局,Lesson,0,0
9,shiyan-jingji-xue,實驗經濟學 (Experimental Economics I: Behavioral Game Theory),week8,多層次思考,8-3 選美結果預測賽局(1),Lesson,0,0
9,shiyan-jingji-xue,實驗經濟學 (Experimental Economics I: Behavioral Game Theory),week8,多層次思考,8-4 選美結果預測賽局(2),Lesson,0,0
9,shiyan-jingji-xue,實驗經濟學 (Experimental Economics I: Behavioral Game Theory),week8,多層次思考,8-5 多層次思考理論(1),Lesson,0,0
9,shiyan-jingji-xue,實驗經濟學 (Experimental Economics I: Behavioral Game Theory),week8,多層次思考,8-6 多層次思考理論(2),Lesson,0,0
9,shiyan-jingji-xue,實驗經濟學 (Experimental Economics I: Behavioral Game Theory),week8,多層次思考,8-7 多層次思考理論(3),Lesson,0,0
9,shiyan-jingji-xue,實驗經濟學 (Experimental Economics I: Behavioral Game Theory),week8,多層次思考,8-8 多層次思考理論應用：捉迷藏賽局,Lesson,0,0
9,shiyan-jingji-xue,實驗經濟學 (Experimental Economics I: Behavioral Game Theory),week8,多層次思考,8-9 Joker Game,Lesson,1,0
9,shiyan-jingji-xue,實驗經濟學 (Experimental Economics I: Behavioral Game Theory),week8,多層次思考,捉迷藏賽局,Normal Assignment,0,0
9,shiyan-jingji-xue,實驗經濟學 (Experimental Economics I: Behavioral Game Theory),week8,多層次思考,選美結果預測賽局,Normal Assignment,0,0
9,shiyan-jingji-xue,實驗經濟學 (Experimental Economics I: Behavioral Game Theory),week9,Final Assignmen...,Strategic IQ Games: DSG,Normal Assignment,0,0
9,shiyan-jingji-xue,實驗經濟學 (Experimental Economics I: Behavioral Game Theory),week9,Final Assignmen...,Strategic IQ Games: Sequential BC,Normal Assignment,0,0
9,shiyan-jingji-xue,實驗經濟學 (Experimental Economics I: Behavioral Game Theory),week9,Final Assignmen...,Strategic IQ Games: Simultaneous BC,Normal Assignment,0,0
9,shiyan-jingji-xue,實驗經濟學 (Experimental Economics I: Behavioral Game Theory),week9,Final Assignmen...,期末測驗說明,Survey,0,0
9,shiyan-jingji-xue,實驗經濟學 (Experimental Economics I: Behavioral Game Theory),week9,Final Assignmen...,設計屬於你的賽局（Beta 挑戰題）,,0,0
9,shiyan-jingji-xue,實驗經濟學 (Experimental Economics I: Behavioral Game Theory),week9,Final Assignmen...,論文書面 / 影片報告,Peer Assignment,0,0
10,shaonian-fuli,少年福利與權利 (Welfare and Rights of Youth),week1,第一週 - 少年福利與權利,1-1 課程介紹,Lesson,12,0
10,shaonian-fuli,少年福利與權利 (Welfare and Rights of Youth),week1,第一週 - 少年福利與權利,1-2 少年的定義,Lesson,5,0
10,shaonian-fuli,少年福利與權利 (Welfare and Rights of Youth),week1,第一週 - 少年福利與權利,1-3 福利與權利的概念定義,Lesson,3,0
10,shaonian-fuli,少年福利與權利 (Welfare and Rights of Youth),week1,第一週 - 少年福利與權利,1-4 《兒童權利公約》介紹,Lesson,6,1
10,shaonian-fuli,少年福利與權利 (Welfare and Rights of Youth),week1,第一週 - 少年福利與權利,1-5 《兒童權利公約》在華人世界,Lesson,2,0
10,shaonian-fuli,少年福利與權利 (Welfare and Rights of Youth),week1,第一週 - 少年福利與權利,Quiz 1,Normal Assignment,8,0
10,shaonian-fuli,少年福利與權利 (Welfare and Rights of Youth),week1,第一週 - 少年福利與權利,參考書目與資料,Survey,6,0
10,shaonian-fuli,少年福利與權利 (Welfare and Rights of Youth),week1,第一週 - 少年福利與權利,少年福利與權利 - PV,Lesson,8,1
10,shaonian-fuli,少年福利與權利 (Welfare and Rights of Youth),week1,第一週 - 少年福利與權利,課程問卷,,2,0
10,shaonian-fuli,少年福利與權利 (Welfare and Rights of Youth),week2,第二週 - 少年的社會形象、次...,2-1 少年的社會形象,Lesson,7,0
10,shaonian-fuli,少年福利與權利 (Welfare and Rights of Youth),week2,第二週 - 少年的社會形象、次...,2-2 少年次文化,Lesson,3,0
10,shaonian-fuli,少年福利與權利 (Welfare and Rights of Youth),week2,第二週 - 少年的社會形象、次...,2-3 認識少年偏差行為與需求,Lesson,1,0
10,shaonian-fuli,少年福利與權利 (Welfare and Rights of Youth),week2,第二週 - 少年的社會形象、次...,2-4 認識危機/高風險少年,Lesson,2,0
10,shaonian-fuli,少年福利與權利 (Welfare and Rights of Youth),week2,第二週 - 少年的社會形象、次...,Week 2：Peer-Graded Assignment,Peer Assignment,2,2
10,shaonian-fuli,少年福利與權利 (Welfare and Rights of Youth),week2,第二週 - 少年的社會形象、次...,參考書目與資料,Survey,6,0
10,shaonian-fuli,少年福利與權利 (Welfare and Rights of Youth),week3,第三週 - 以生態系統理論來討...,3-1 生態系統理論 (ecological systems theo...,Lesson,2,0
10,shaonian-fuli,少年福利與權利 (Welfare and Rights of Youth),week3,第三週 - 以生態系統理論來討...,3-2 未升學未就業少年議題,Lesson,2,0
10,shaonian-fuli,少年福利與權利 (Welfare and Rights of Youth),week3,第三週 - 以生態系統理論來討...,3-3 逃家少年,Lesson,2,0
10,shaonian-fuli,少年福利與權利 (Welfare and Rights of Youth),week3,第三週 - 以生態系統理論來討...,3-4 案例討論,Lesson,1,0
10,shaonian-fuli,少年福利與權利 (Welfare and Rights of Youth),week3,第三週 - 以生態系統理論來討...,Quiz 3,Normal Assignment,1,0
10,shaonian-fuli,少年福利與權利 (Welfare and Rights of Youth),week3,第三週 - 以生態系統理論來討...,參考書目與資料,Survey,6,0
10,shaonian-fuli,少年福利與權利 (Welfare and Rights of Youth),week4,第四週 - 從消權 (dise...,4-1  去權與消權 (disempowering),Lesson,0,0
10,shaonian-fuli,少年福利與權利 (Welfare and Rights of Youth),week4,第四週 - 從消權 (dise...,4-2  充權的概念 (empowering),Lesson,2,0
10,shaonian-fuli,少年福利與權利 (Welfare and Rights of Youth),week4,第四週 - 從消權 (dise...,4-3  家外安置服務：充權或消權？,Lesson,1,0
10,shaonian-fuli,少年福利與權利 (Welfare and Rights of Youth),week4,第四週 - 從消權 (dise...,Week 4：Peer-Graded Assignment,Peer Assignment,3,0
10,shaonian-fuli,少年福利與權利 (Welfare and Rights of Youth),week4,第四週 - 從消權 (dise...,參考書目與資料,Survey,6,0
10,shaonian-fuli,少年福利與權利 (Welfare and Rights of Youth),week5,第五週 - 少年社會工作方法,5-1  與少年談話或會談的技巧,Lesson,1,0
10,shaonian-fuli,少年福利與權利 (Welfare and Rights of Youth),week5,第五週 - 少年社會工作方法,5-1-2 以例子討論與少年談話的技巧,Lesson,0,0
10,shaonian-fuli,少年福利與權利 (Welfare and Rights of Youth),week5,第五週 - 少年社會工作方法,5-2  體驗教育,Lesson,1,0
10,shaonian-fuli,少年福利與權利 (Welfare and Rights of Youth),week5,第五週 - 少年社會工作方法,5-3  少年外展工作,Lesson,1,0
10,shaonian-fuli,少年福利與權利 (Welfare and Rights of Youth),week5,第五週 - 少年社會工作方法,5-4  外展工作定義,Lesson,1,0
10,shaonian-fuli,少年福利與權利 (Welfare and Rights of Youth),week5,第五週 - 少年社會工作方法,Quiz 5,Normal Assignment,1,0
10,shaonian-fuli,少年福利與權利 (Welfare and Rights of Youth),week5,第五週 - 少年社會工作方法,參考書目與資料,Survey,6,0
10,shaonian-fuli,少年福利與權利 (Welfare and Rights of Youth),week6,第六週 - 從福利 (welf...,6-1 讓少年發聲 (上),Lesson,2,0
10,shaonian-fuli,少年福利與權利 (Welfare and Rights of Youth),week6,第六週 - 從福利 (welf...,6-2 讓少年發聲 (下),Lesson,0,0
10,shaonian-fuli,少年福利與權利 (Welfare and Rights of Youth),week6,第六週 - 從福利 (welf...,6-3 倡議(導)的工作方法,Lesson,0,0
10,shaonian-fuli,少年福利與權利 (Welfare and Rights of Youth),week6,第六週 - 從福利 (welf...,6-4  18歲投票、行不行？,Lesson,1,0
10,shaonian-fuli,少年福利與權利 (Welfare and Rights of Youth),week6,第六週 - 從福利 (welf...,Week 6：Peer-Graded Assignment,Peer Assignment,2,0
10,shaonian-fuli,少年福利與權利 (Welfare and Rights of Youth),week6,第六週 - 從福利 (welf...,參考書目與資料,Survey,6,0
11,wuli,普通物理學 - 電磁學、光學及近代物理,week1,Week 1 靜電學：電荷與電...,1-0 intro / 成績計算,Lesson,11,1
11,wuli,普通物理學 - 電磁學、光學及近代物理,week1,Week 1 靜電學：電荷與電...,1-1 生活中的電,Lesson,13,0
11,wuli,普通物理學 - 電磁學、光學及近代物理,week1,Week 1 靜電學：電荷與電...,1-2 從電的發現開始講起,Lesson,2,0
11,wuli,普通物理學 - 電磁學、光學及近代物理,week1,Week 1 靜電學：電荷與電...,1-3 電荷的勢力範圍：電場,Lesson,1,0
11,wuli,普通物理學 - 電磁學、光學及近代物理,week1,Week 1 靜電學：電荷與電...,1-4 再套用一個重力的概念 - 位能,Lesson,2,0
11,wuli,普通物理學 - 電磁學、光學及近代物理,week1,Week 1 靜電學：電荷與電...,1-4 附錄,Lesson,0,0
11,wuli,普通物理學 - 電磁學、光學及近代物理,week1,Week 1 靜電學：電荷與電...,1-5 高斯定律,Lesson,2,0
11,wuli,普通物理學 - 電磁學、光學及近代物理,week1,Week 1 靜電學：電荷與電...,1-6 電容：可以儲存電能的容器,Lesson,0,0
11,wuli,普通物理學 - 電磁學、光學及近代物理,week1,Week 1 靜電學：電荷與電...,問卷網址,Survey,7,0
11,wuli,普通物理學 - 電磁學、光學及近代物理,week1,Week 1 靜電學：電荷與電...,第一週作業1 (互評作業),Peer Assignment,2,0
11,wuli,普通物理學 - 電磁學、光學及近代物理,week1,Week 1 靜電學：電荷與電...,第一週作業2 (互評作業),Peer Assignment,0,0
11,wuli,普通物理學 - 電磁學、光學及近代物理,week1,Week 1 靜電學：電荷與電...,第一週作業3,Normal Assignment,0,0
11,wuli,普通物理學 - 電磁學、光學及近代物理,week1,Week 1 靜電學：電荷與電...,第一週作業4 (互評作業),Peer Assignment,0,0
11,wuli,普通物理學 - 電磁學、光學及近代物理,week1,Week 1 靜電學：電荷與電...,課程簡介,Lesson,25,2
11,wuli,普通物理學 - 電磁學、光學及近代物理,week2,Week 2 會動的電荷：電流,2-0 學習的樂趣,Lesson,4,0
11,wuli,普通物理學 - 電磁學、光學及近代物理,week2,Week 2 會動的電荷：電流,2-1 電的流動,Lesson,2,0
11,wuli,普通物理學 - 電磁學、光學及近代物理,week2,Week 2 會動的電荷：電流,2-2 電的流動 II,Lesson,2,0
11,wuli,普通物理學 - 電磁學、光學及近代物理,week2,Week 2 會動的電荷：電流,2-3 基本電路學 電阻＋電源,Lesson,0,0
11,wuli,普通物理學 - 電磁學、光學及近代物理,week2,Week 2 會動的電荷：電流,2-4 基本電路學 電阻＋電容,Lesson,0,0
11,wuli,普通物理學 - 電磁學、光學及近代物理,week2,Week 2 會動的電荷：電流,2-5 人體中的電 – 神經與肌肉相對,Lesson,0,0
11,wuli,普通物理學 - 電磁學、光學及近代物理,week2,Week 2 會動的電荷：電流,2-6 人體中的電 – 神經與肌肉相對(2),Lesson,0,0
11,wuli,普通物理學 - 電磁學、光學及近代物理,week2,Week 2 會動的電荷：電流,第二週作業1,Normal Assignment,0,0
11,wuli,普通物理學 - 電磁學、光學及近代物理,week2,Week 2 會動的電荷：電流,第二週作業2 (互評作業),Peer Assignment,0,0
11,wuli,普通物理學 - 電磁學、光學及近代物理,week2,Week 2 會動的電荷：電流,第二週作業3 (互評作業),Peer Assignment,0,0
11,wuli,普通物理學 - 電磁學、光學及近代物理,week3,Week 3 神秘的磁場,3-0 關於考試,Lesson,2,0
11,wuli,普通物理學 - 電磁學、光學及近代物理,week3,Week 3 神秘的磁場,3-1 哪裡有磁？,Lesson,0,0
11,wuli,普通物理學 - 電磁學、光學及近代物理,week3,Week 3 神秘的磁場,3-2 磁場的定義與起源,Lesson,3,0
11,wuli,普通物理學 - 電磁學、光學及近代物理,week3,Week 3 神秘的磁場,3-3 電和磁的關係：電流產生磁場,Lesson,0,0
11,wuli,普通物理學 - 電磁學、光學及近代物理,week3,Week 3 神秘的磁場,3-4 電和磁的關係：磁場產生電流,Lesson,0,0
11,wuli,普通物理學 - 電磁學、光學及近代物理,week3,Week 3 神秘的磁場,3-5 儲存磁能的元件：電感,Lesson,0,0
11,wuli,普通物理學 - 電磁學、光學及近代物理,week3,Week 3 神秘的磁場,第三週作業1 (互評作業),Peer Assignment,0,0
11,wuli,普通物理學 - 電磁學、光學及近代物理,week3,Week 3 神秘的磁場,第三週作業2 (互評作業),Peer Assignment,0,0
11,wuli,普通物理學 - 電磁學、光學及近代物理,week3,Week 3 神秘的磁場,第三週作業3 (互評作業),Peer Assignment,0,0
11,wuli,普通物理學 - 電磁學、光學及近代物理,week3,Week 3 神秘的磁場,第三週作業4 (互評作業),Peer Assignment,0,0
11,wuli,普通物理學 - 電磁學、光學及近代物理,week4,Week 4 電與磁的完美結合,4-0 關於人生的追求,Lesson,1,0
11,wuli,普通物理學 - 電磁學、光學及近代物理,week4,Week 4 電與磁的完美結合,4-1 電與磁的交互作用,Lesson,1,0
11,wuli,普通物理學 - 電磁學、光學及近代物理,week4,Week 4 電與磁的完美結合,4-2 什麼是波？,Lesson,0,0
11,wuli,普通物理學 - 電磁學、光學及近代物理,week4,Week 4 電與磁的完美結合,4-3 電磁波,Lesson,0,0
11,wuli,普通物理學 - 電磁學、光學及近代物理,week4,Week 4 電與磁的完美結合,4-4 光真的是電磁波嗎？,Lesson,0,0
11,wuli,普通物理學 - 電磁學、光學及近代物理,week4,Week 4 電與磁的完美結合,4-5 電磁波紀元的誕生,Lesson,0,0
11,wuli,普通物理學 - 電磁學、光學及近代物理,week4,Week 4 電與磁的完美結合,期末報告提案 (互評作業),Peer Assignment,0,0
11,wuli,普通物理學 - 電磁學、光學及近代物理,week4,Week 4 電與磁的完美結合,第四週作業1 (互評作業),Peer Assignment,0,0
11,wuli,普通物理學 - 電磁學、光學及近代物理,week4,Week 4 電與磁的完美結合,第四週作業2,Normal Assignment,0,0
11,wuli,普通物理學 - 電磁學、光學及近代物理,week4,Week 4 電與磁的完美結合,第四週作業3 (互評作業),Peer Assignment,0,0
11,wuli,普通物理學 - 電磁學、光學及近代物理,week5,Week 5 光學,5-0 為什麼不聽話,Lesson,0,0
11,wuli,普通物理學 - 電磁學、光學及近代物理,week5,Week 5 光學,5-1 光學的歷史,Lesson,0,0
11,wuli,普通物理學 - 電磁學、光學及近代物理,week5,Week 5 光學,5-2 反射與折射,Lesson,0,0
11,wuli,普通物理學 - 電磁學、光學及近代物理,week5,Week 5 光學,5-3 散射,Lesson,1,0
11,wuli,普通物理學 - 電磁學、光學及近代物理,week5,Week 5 光學,5-4 偏振,Lesson,0,0
11,wuli,普通物理學 - 電磁學、光學及近代物理,week5,Week 5 光學,5-5 干涉,Lesson,0,0
11,wuli,普通物理學 - 電磁學、光學及近代物理,week5,Week 5 光學,5-6 繞射,Lesson,0,0
11,wuli,普通物理學 - 電磁學、光學及近代物理,week5,Week 5 光學,第五週作業1 (互評作業),Peer Assignment,0,0
11,wuli,普通物理學 - 電磁學、光學及近代物理,week5,Week 5 光學,第五週作業2 (互評作業),Peer Assignment,0,0
11,wuli,普通物理學 - 電磁學、光學及近代物理,week5,Week 5 光學,第五週作業3 (互評作業),Peer Assignment,0,0
11,wuli,普通物理學 - 電磁學、光學及近代物理,week6,Week 6 相對論,6-1 乙太究竟在哪裡？,Lesson,0,0
11,wuli,普通物理學 - 電磁學、光學及近代物理,week6,Week 6 相對論,6-2 相對論的的誕生(1),Lesson,2,0
11,wuli,普通物理學 - 電磁學、光學及近代物理,week6,Week 6 相對論,6-3 相對論的的誕生(2),Lesson,0,0
11,wuli,普通物理學 - 電磁學、光學及近代物理,week6,Week 6 相對論,6-3 附錄,Lesson,1,0
11,wuli,普通物理學 - 電磁學、光學及近代物理,week6,Week 6 相對論,6-4 相對論於質能互換,Lesson,1,0
11,wuli,普通物理學 - 電磁學、光學及近代物理,week6,Week 6 相對論,6-5 相對論與重力,Lesson,1,0
11,wuli,普通物理學 - 電磁學、光學及近代物理,week6,Week 6 相對論,第六週作業1,Normal Assignment,0,0
11,wuli,普通物理學 - 電磁學、光學及近代物理,week6,Week 6 相對論,第六週作業2,Normal Assignment,0,0
11,wuli,普通物理學 - 電磁學、光學及近代物理,week6,Week 6 相對論,第六週作業3,Normal Assignment,0,0
11,wuli,普通物理學 - 電磁學、光學及近代物理,week6,Week 6 相對論,第六週作業3延伸題,,0,0
11,wuli,普通物理學 - 電磁學、光學及近代物理,week7,Week 7 量子的概念,7-0 菩薩畏因，眾生畏果,Lesson,1,0
11,wuli,普通物理學 - 電磁學、光學及近代物理,week7,Week 7 量子的概念,7-1 黑體輻射有問題嗎？,Lesson,0,0
11,wuli,普通物理學 - 電磁學、光學及近代物理,week7,Week 7 量子的概念,7-2 普朗克的大膽猜測,Lesson,2,0
11,wuli,普通物理學 - 電磁學、光學及近代物理,week7,Week 7 量子的概念,7-3 光電效應,Lesson,1,0
11,wuli,普通物理學 - 電磁學、光學及近代物理,week7,Week 7 量子的概念,7-4 到底是波動還是粒子？,Lesson,0,0
11,wuli,普通物理學 - 電磁學、光學及近代物理,week7,Week 7 量子的概念,7-5 量子力學與原子模型,Lesson,1,0
11,wuli,普通物理學 - 電磁學、光學及近代物理,week7,Week 7 量子的概念,7-6 結語,Lesson,1,0
11,wuli,普通物理學 - 電磁學、光學及近代物理,week7,Week 7 量子的概念,問卷網址,Survey,7,0
11,wuli,普通物理學 - 電磁學、光學及近代物理,week7,Week 7 量子的概念,期末報告－生活中的物理現象 (互評作業),Peer Assignment,0,0
11,wuli,普通物理學 - 電磁學、光學及近代物理,week7,Week 7 量子的概念,第七週作業1 (互評作業),Peer Assignment,0,0
11,wuli,普通物理學 - 電磁學、光學及近代物理,week7,Week 7 量子的概念,第七週作業2 (互評作業),Peer Assignment,0,0
12,mechanics-of-materials-1,材料力學一 (Mechanics of Materials I),week1,應力與應變,1-1 課程緒論,Lesson,20,0
12,mechanics-of-materials-1,材料力學一 (Mechanics of Materials I),week1,應力與應變,1-2 正向應力與正向應變,Lesson,19,0
12,mechanics-of-materials-1,材料力學一 (Mechanics of Materials I),week1,應力與應變,1-3 材料基本力學性質 I,Lesson,18,0
12,mechanics-of-materials-1,材料力學一 (Mechanics of Materials I),week1,應力與應變,1-4 材料基本力學性質 II,Lesson,15,0
12,mechanics-of-materials-1,材料力學一 (Mechanics of Materials I),week1,應力與應變,1-5 虎克定律,Lesson,9,0
12,mechanics-of-materials-1,材料力學一 (Mechanics of Materials I),week1,應力與應變,1-6 剪應力與承壓應力,Lesson,12,0
12,mechanics-of-materials-1,材料力學一 (Mechanics of Materials I),week1,應力與應變,Week 1,Normal Assignment,13,5
12,mechanics-of-materials-1,材料力學一 (Mechanics of Materials I),week1,應力與應變,Week 1 課程總結,Lesson,2,0
12,mechanics-of-materials-1,材料力學一 (Mechanics of Materials I),week1,應力與應變,材料力學（Mechanics of Materials I） -- 黃...,Lesson,25,1
12,mechanics-of-materials-1,材料力學一 (Mechanics of Materials I),week1,應力與應變,請填寫本課程的問卷，讓我們能對課程進行改進（２～３分鐘即可填寫完畢）,Survey,22,0
12,mechanics-of-materials-1,材料力學一 (Mechanics of Materials I),week2,桿件受軸力,2-1 靜力分析,Lesson,3,0
12,mechanics-of-materials-1,材料力學一 (Mechanics of Materials I),week2,桿件受軸力,2-2 軸力桿件的變形：沿軸向固定與非固定斷面與受力,Lesson,2,2
12,mechanics-of-materials-1,材料力學一 (Mechanics of Materials I),week2,桿件受軸力,2-3 靜定與靜不定,Lesson,0,1
12,mechanics-of-materials-1,材料力學一 (Mechanics of Materials I),week2,桿件受軸力,2-4 軸力靜不定結構,Lesson,2,0
12,mechanics-of-materials-1,材料力學一 (Mechanics of Materials I),week2,桿件受軸力,2-5 溫差與安裝誤差造成的軸力,Lesson,3,0
12,mechanics-of-materials-1,材料力學一 (Mechanics of Materials I),week2,桿件受軸力,Week 2,Normal Assignment,3,0
12,mechanics-of-materials-1,材料力學一 (Mechanics of Materials I),week2,桿件受軸力,Week 2 課程總結,Lesson,0,0
12,mechanics-of-materials-1,材料力學一 (Mechanics of Materials I),week3,桿件受扭力,3-1 扭力桿件的變形,Lesson,1,1
12,mechanics-of-materials-1,材料力學一 (Mechanics of Materials I),week3,桿件受扭力,3-2 扭矩公式,Lesson,2,0
12,mechanics-of-materials-1,材料力學一 (Mechanics of Materials I),week3,桿件受扭力,3-3 沿軸向非固定斷面與受力的扭力桿件,Lesson,1,1
12,mechanics-of-materials-1,材料力學一 (Mechanics of Materials I),week3,桿件受扭力,3-4 靜不定扭力結構,Lesson,1,0
12,mechanics-of-materials-1,材料力學一 (Mechanics of Materials I),week3,桿件受扭力,3-5 薄管壁結構受扭,Lesson,0,0
12,mechanics-of-materials-1,材料力學一 (Mechanics of Materials I),week3,桿件受扭力,Week 3,Normal Assignment,0,0
12,mechanics-of-materials-1,材料力學一 (Mechanics of Materials I),week3,桿件受扭力,Week 3 課程總結,Lesson,0,0
12,mechanics-of-materials-1,材料力學一 (Mechanics of Materials I),week4,彎矩圖與剪力圖,4-1 剪力彎矩圖對結構工程師的重要性,Lesson,2,0
12,mechanics-of-materials-1,材料力學一 (Mechanics of Materials I),week4,彎矩圖與剪力圖,4-2 支承與外力種類,Lesson,3,0
12,mechanics-of-materials-1,材料力學一 (Mechanics of Materials I),week4,彎矩圖與剪力圖,4-3-1 畫剪力彎矩圖：力平衡法 (上),Lesson,4,0
12,mechanics-of-materials-1,材料力學一 (Mechanics of Materials I),week4,彎矩圖與剪力圖,4-3-2 畫剪力彎矩圖：力平衡法(下),Lesson,2,1
12,mechanics-of-materials-1,材料力學一 (Mechanics of Materials I),week4,彎矩圖與剪力圖,4-4 外力荷載、剪力、彎矩之關係,Lesson,1,0
12,mechanics-of-materials-1,材料力學一 (Mechanics of Materials I),week4,彎矩圖與剪力圖,4-5 畫剪力彎矩圖：直接作圖法,Lesson,5,0
12,mechanics-of-materials-1,材料力學一 (Mechanics of Materials I),week4,彎矩圖與剪力圖,4-6 範例,Lesson,0,0
12,mechanics-of-materials-1,材料力學一 (Mechanics of Materials I),week4,彎矩圖與剪力圖,Week 4 課程總結,Lesson,0,0
12,mechanics-of-materials-1,材料力學一 (Mechanics of Materials I),week4,彎矩圖與剪力圖,期中互評 (4-a),Peer Assignment,0,0
12,mechanics-of-materials-1,材料力學一 (Mechanics of Materials I),week4,彎矩圖與剪力圖,期中互評 (4-b),Peer Assignment,0,0
12,mechanics-of-materials-1,材料力學一 (Mechanics of Materials I),week4,彎矩圖與剪力圖,期中互評 (4-c),Peer Assignment,0,0
12,mechanics-of-materials-1,材料力學一 (Mechanics of Materials I),week4,彎矩圖與剪力圖,期中互評 (4-d),Peer Assignment,0,0
12,mechanics-of-materials-1,材料力學一 (Mechanics of Materials I),week4,彎矩圖與剪力圖,期中互評參考解答,Survey,0,0
12,mechanics-of-materials-1,材料力學一 (Mechanics of Materials I),week5,梁受彎矩作用之內力,5-1 梁的曲率,Lesson,3,0
12,mechanics-of-materials-1,材料力學一 (Mechanics of Materials I),week5,梁受彎矩作用之內力,5-2 梁受彎的應變與應力,Lesson,2,0
12,mechanics-of-materials-1,材料力學一 (Mechanics of Materials I),week5,梁受彎矩作用之內力,5-3 梁受彎分析範例,Lesson,1,0
12,mechanics-of-materials-1,材料力學一 (Mechanics of Materials I),week5,梁受彎矩作用之內力,5-4 梁抗彎設計、範例,Lesson,0,0
12,mechanics-of-materials-1,材料力學一 (Mechanics of Materials I),week5,梁受彎矩作用之內力,Week 5,Normal Assignment,0,0
12,mechanics-of-materials-1,材料力學一 (Mechanics of Materials I),week5,梁受彎矩作用之內力,Week 5 課程總結,Lesson,0,0
12,mechanics-of-materials-1,材料力學一 (Mechanics of Materials I),week6,梁受剪力作用之內力,6-1 梁的剪應力：動畫說明,Lesson,2,0
12,mechanics-of-materials-1,材料力學一 (Mechanics of Materials I),week6,梁受剪力作用之內力,6-2-1 梁的剪應力：矩形斷面(上),Lesson,1,0
12,mechanics-of-materials-1,材料力學一 (Mechanics of Materials I),week6,梁受剪力作用之內力,6-2-2 梁的剪應力：矩形斷面 (下),Lesson,2,0
12,mechanics-of-materials-1,材料力學一 (Mechanics of Materials I),week6,梁受剪力作用之內力,6-3 梁的剪應力：圓形、Ｉ形斷面,Lesson,1,0
12,mechanics-of-materials-1,材料力學一 (Mechanics of Materials I),week6,梁受剪力作用之內力,6-4 剪力流與組合斷面,Lesson,1,0
12,mechanics-of-materials-1,材料力學一 (Mechanics of Materials I),week6,梁受剪力作用之內力,Week 6,Normal Assignment,0,0
12,mechanics-of-materials-1,材料力學一 (Mechanics of Materials I),week6,梁受剪力作用之內力,Week 6 課程總結,Lesson,0,0
12,mechanics-of-materials-1,材料力學一 (Mechanics of Materials I),week7,梁受彎矩作用的變形,7-1 梁受彎的變形曲線,Lesson,0,0
12,mechanics-of-materials-1,材料力學一 (Mechanics of Materials I),week7,梁受彎矩作用的變形,7-2 積分法求梁變形,Lesson,1,0
12,mechanics-of-materials-1,材料力學一 (Mechanics of Materials I),week7,梁受彎矩作用的變形,7-3-1 疊加法求梁變形 (上),Lesson,0,0
12,mechanics-of-materials-1,材料力學一 (Mechanics of Materials I),week7,梁受彎矩作用的變形,7-3-2 疊加法求梁變形(下),Lesson,1,0
12,mechanics-of-materials-1,材料力學一 (Mechanics of Materials I),week7,梁受彎矩作用的變形,7-4 非固定斷面梁受彎的變形,Lesson,1,0
12,mechanics-of-materials-1,材料力學一 (Mechanics of Materials I),week7,梁受彎矩作用的變形,Challenge Yourself！,,0,0
12,mechanics-of-materials-1,材料力學一 (Mechanics of Materials I),week7,梁受彎矩作用的變形,Week 7,Normal Assignment,0,0
12,mechanics-of-materials-1,材料力學一 (Mechanics of Materials I),week7,梁受彎矩作用的變形,Week 7 課程總結,Lesson,0,0
12,mechanics-of-materials-1,材料力學一 (Mechanics of Materials I),week7,梁受彎矩作用的變形,期末同儕互評作業拍攝說明,Lesson,0,0
12,mechanics-of-materials-1,材料力學一 (Mechanics of Materials I),week7,梁受彎矩作用的變形,期末同儕互評作業：創意影片拍攝,Peer Assignment,0,0
12,mechanics-of-materials-1,材料力學一 (Mechanics of Materials I),week7,梁受彎矩作用的變形,臺大開放式課程（NTU OpenCourseWare）：材料力學,Survey,0,0
12,mechanics-of-materials-1,材料力學一 (Mechanics of Materials I),week7,梁受彎矩作用的變形,請填寫本課程的問卷，讓我們能對課程進行改進（２～３分鐘即可填寫完畢）,Survey,22,0
13,cad,工程圖學 2D CAD 專題,week1,蓄勢待發,101 認識本課程,Lesson,6,0
13,cad,工程圖學 2D CAD 專題,week1,蓄勢待發,102 課程大綱：我會學些什麼？,Survey,17,0
13,cad,工程圖學 2D CAD 專題,week1,蓄勢待發,103 如何通過本課程,Lesson,5,0
13,cad,工程圖學 2D CAD 專題,week1,蓄勢待發,104 評分方式,Survey,12,0
13,cad,工程圖學 2D CAD 專題,week1,蓄勢待發,105 課程FAQ,Survey,4,0
13,cad,工程圖學 2D CAD 專題,week1,蓄勢待發,106 製作團隊,Survey,8,0
13,cad,工程圖學 2D CAD 專題,week1,蓄勢待發,CAD/BIM專項課程歡迎你！,Lesson,15,0
13,cad,工程圖學 2D CAD 專題,week2,平面圖,201  建築平面圖,Lesson,12,0
13,cad,工程圖學 2D CAD 專題,week2,平面圖,202  建築平面圖常見符號,Lesson,9,0
13,cad,工程圖學 2D CAD 專題,week2,平面圖,203  尺寸標註與材料符號,Lesson,9,0
13,cad,工程圖學 2D CAD 專題,week2,平面圖,204  平面圖繪製順序,Lesson,6,0
13,cad,工程圖學 2D CAD 專題,week2,平面圖,205  結構平面圖,Lesson,5,0
13,cad,工程圖學 2D CAD 專題,week2,平面圖,206\\tAutoCAD 平面圖繪製預備,Lesson,5,0
13,cad,工程圖學 2D CAD 專題,week2,平面圖,課程簡報,Survey,18,0
13,cad,工程圖學 2D CAD 專題,week3,平面圖柱牆繪製,301 平面圖：開始畫圖了！柱與牆,Lesson,4,0
13,cad,工程圖學 2D CAD 專題,week3,平面圖柱牆繪製,302\\tAutoCAD 繪製柱心線,Lesson,4,0
13,cad,工程圖學 2D CAD 專題,week3,平面圖柱牆繪製,303\\tAutoCAD 繪製柱,Lesson,3,1
13,cad,工程圖學 2D CAD 專題,week3,平面圖柱牆繪製,304\\tAutoCAD 繪製牆心線,Lesson,3,0
13,cad,工程圖學 2D CAD 專題,week3,平面圖柱牆繪製,305\\tAutoCAD 繪製牆,Lesson,4,0
13,cad,工程圖學 2D CAD 專題,week3,平面圖柱牆繪製,306\\tAutoCAD 牆心線與柱心線尺寸標註,Lesson,3,0
13,cad,工程圖學 2D CAD 專題,week4,平面圖樓梯、電梯與陽台繪製,401 平面圖：畫樓梯、電梯與陽台！,Lesson,3,0
13,cad,工程圖學 2D CAD 專題,week4,平面圖樓梯、電梯與陽台繪製,402\\tAutoCAD 繪製樓梯符號,Lesson,2,0
13,cad,工程圖學 2D CAD 專題,week4,平面圖樓梯、電梯與陽台繪製,403\\tAutoCAD 繪製電梯符號,Lesson,2,0
13,cad,工程圖學 2D CAD 專題,week4,平面圖樓梯、電梯與陽台繪製,404\\tAutoCAD 繪製大門階梯與陽台,Lesson,1,0
13,cad,工程圖學 2D CAD 專題,week5,平面圖門窗繪製,501 平面圖：進入門窗繪製！,Lesson,3,0
13,cad,工程圖學 2D CAD 專題,week5,平面圖門窗繪製,502\\tAutoCAD 繪製冷氣口 (圖塊建立與插入),Lesson,1,0
13,cad,工程圖學 2D CAD 專題,week5,平面圖門窗繪製,503\\tAutoCAD 繪製DW2落地窗,Lesson,1,0
13,cad,工程圖學 2D CAD 專題,week5,平面圖門窗繪製,504\\tAutoCAD 繪製W3窗 (編輯圖塊),Lesson,1,0
13,cad,工程圖學 2D CAD 專題,week5,平面圖門窗繪製,505\\tAutoCAD 繪製W2 窗(圖塊插入旋轉),Lesson,0,0
13,cad,工程圖學 2D CAD 專題,week5,平面圖門窗繪製,506\\tAutoCAD 繪製D4、D3門,Lesson,0,0
13,cad,工程圖學 2D CAD 專題,week5,平面圖門窗繪製,507\\tAutoCAD 繪製SD1鐵捲門、D1大門,Lesson,1,0
13,cad,工程圖學 2D CAD 專題,week6,平面圖符號與標示註解,601 平面圖：最後一步！其他設備符號與標示註解,Lesson,0,0
13,cad,工程圖學 2D CAD 專題,week6,平面圖符號與標示註解,602\\tAutoCAD 繪製衛浴設備,Lesson,1,0
13,cad,工程圖學 2D CAD 專題,week6,平面圖符號與標示註解,603\\tAutoCAD 繪製水溝與陰井,Lesson,0,0
13,cad,工程圖學 2D CAD 專題,week6,平面圖符號與標示註解,604\\tAutoCAD 磚牆材料符號,Lesson,1,0
13,cad,工程圖學 2D CAD 專題,week6,平面圖符號與標示註解,605\\tAutoCAD 門窗柱列編號與特殊符號,Lesson,0,0
13,cad,工程圖學 2D CAD 專題,week6,平面圖符號與標示註解,606\\tAutoCAD 高程符號與指北針,Lesson,0,0
13,cad,工程圖學 2D CAD 專題,week6,平面圖符號與標示註解,607\\tAutoCAD 引線註解與槽型包圍文字,Lesson,0,0
13,cad,工程圖學 2D CAD 專題,week7,第一次評量,一樓平面圖,Peer Assignment,2,1
13,cad,工程圖學 2D CAD 專題,week7,第一次評量,測驗一：平面圖概念與實作,Normal Assignment,3,0
13,cad,工程圖學 2D CAD 專題,week8,立面圖,801\\t建築立面圖,Lesson,2,0
13,cad,工程圖學 2D CAD 專題,week8,立面圖,802\\t建築立面圖常見符號,Lesson,2,0
13,cad,工程圖學 2D CAD 專題,week8,立面圖,803\\t立面圖表現技法,Lesson,1,0
13,cad,工程圖學 2D CAD 專題,week8,立面圖,804\\t立面圖繪製順序,Lesson,2,0
13,cad,工程圖學 2D CAD 專題,week8,立面圖,805\\tAutoCAD 立面圖繪製預備,Lesson,1,0
13,cad,工程圖學 2D CAD 專題,week8,立面圖,課程簡報,Survey,18,0
13,cad,工程圖學 2D CAD 專題,week9,立面圖輪廓繪製,901 立面圖：第二階段開始！正向立面圖定位線與建築輪廓,Lesson,1,0
13,cad,工程圖學 2D CAD 專題,week9,立面圖輪廓繪製,902\\tAutoCAD 繪製柱心線及樓地板定位線,Lesson,1,0
13,cad,工程圖學 2D CAD 專題,week9,立面圖輪廓繪製,903\\tAutoCAD 繪製建築物輪廓線,Lesson,0,0
13,cad,工程圖學 2D CAD 專題,week10,立面圖門窗繪製,1001 立面圖：繪製門與窗,Lesson,0,0
13,cad,工程圖學 2D CAD 專題,week10,立面圖門窗繪製,1002\\tAutoCAD 繪製冷氣口與W2窗戶,Lesson,0,0
13,cad,工程圖學 2D CAD 專題,week10,立面圖門窗繪製,1003\\tAutoCAD 繪製DW1落地窗,Lesson,0,0
13,cad,工程圖學 2D CAD 專題,week10,立面圖門窗繪製,1004\\tAutoCAD 繪製 W1窗戶,Lesson,0,0
13,cad,工程圖學 2D CAD 專題,week10,立面圖門窗繪製,1005\\tAutoCAD 繪製D1大門,Lesson,0,0
13,cad,工程圖學 2D CAD 專題,week10,立面圖門窗繪製,1006\\tAutoCAD 繪製 SD1鐵捲門,Lesson,0,0
13,cad,工程圖學 2D CAD 專題,week11,立面圖附屬建物繪製與標示註解,1101 立面圖：最後一步！附屬建物與標示註解,Lesson,0,0
13,cad,工程圖學 2D CAD 專題,week11,立面圖附屬建物繪製與標示註解,1102  AutoCAD 磚牆材料符號,Lesson,0,0
13,cad,工程圖學 2D CAD 專題,week11,立面圖附屬建物繪製與標示註解,1103  AutoCAD 繪製屋頂、逃生門雨遮,Lesson,0,0
13,cad,工程圖學 2D CAD 專題,week11,立面圖附屬建物繪製與標示註解,1104  AutoCAD 繪製鐵爬梯,Lesson,0,0
13,cad,工程圖學 2D CAD 專題,week11,立面圖附屬建物繪製與標示註解,1105  AutoCAD 立面圖標示註解,Lesson,0,0
13,cad,工程圖學 2D CAD 專題,week12,第二次評量,正向立面圖,Peer Assignment,1,0
13,cad,工程圖學 2D CAD 專題,week12,第二次評量,測驗二：立面圖概念與實作,Normal Assignment,0,0
13,cad,工程圖學 2D CAD 專題,week13,下回見！,下一個旅程,Lesson,1,0
13,cad,工程圖學 2D CAD 專題,week13,下回見！,回顧 Part 1,Lesson,0,0
13,cad,工程圖學 2D CAD 專題,week13,下回見！,回顧 Part 2,Lesson,0,0
13,cad,工程圖學 2D CAD 專題,week13,下回見！,回顧 Part 3,Lesson,0,0
13,cad,工程圖學 2D CAD 專題,week13,下回見！,回顧 Part 4,Lesson,0,0
14,3d-cad,工程圖學 3D CAD,week1,蓄勢待發,101 認識本課程,Lesson,10,3
14,3d-cad,工程圖學 3D CAD,week1,蓄勢待發,102 課程大綱：我將會學到什麼？,Survey,17,0
14,3d-cad,工程圖學 3D CAD,week1,蓄勢待發,103 如何通過本課程,Lesson,2,0
14,3d-cad,工程圖學 3D CAD,week1,蓄勢待發,104 評分方式,Survey,9,0
14,3d-cad,工程圖學 3D CAD,week1,蓄勢待發,105 課程FAQ  Course FAQ,Survey,8,0
14,3d-cad,工程圖學 3D CAD,week1,蓄勢待發,106 製作團隊,Survey,8,0
14,3d-cad,工程圖學 3D CAD,week1,蓄勢待發,107 下載安裝 SketchUp 2015,Survey,5,0
14,3d-cad,工程圖學 3D CAD,week1,蓄勢待發,108 SketchUp 單位設定,Lesson,5,0
14,3d-cad,工程圖學 3D CAD,week1,蓄勢待發,CAD/BIM專項課程歡迎你！,Lesson,20,3
14,3d-cad,工程圖學 3D CAD,week2,範例ㄧ   神奇方塊,201 畫方塊 - SketchUp 畫線工具,Lesson,1,0
14,3d-cad,工程圖學 3D CAD,week2,範例ㄧ   神奇方塊,202 畫階梯 - SketchUp 等分、鎖點與輔助鍵,Lesson,3,0
14,3d-cad,工程圖學 3D CAD,week2,範例ㄧ   神奇方塊,203 畫方塊 - SketchUp 矩形、推拉工具,Lesson,3,0
14,3d-cad,工程圖學 3D CAD,week2,範例ㄧ   神奇方塊,204 挖洞 - SketchUp 捲尺、輔助線與推拉應用,Lesson,2,0
14,3d-cad,工程圖學 3D CAD,week2,範例ㄧ   神奇方塊,205 測驗一,Normal Assignment,13,4
14,3d-cad,工程圖學 3D CAD,week2,範例ㄧ   神奇方塊,206 SketchUp 畫櫃子,Peer Assignment,5,1
14,3d-cad,工程圖學 3D CAD,week3,範例二  畫房子,301 房子型體 - SketchUp 移動工具,Lesson,1,0
14,3d-cad,工程圖學 3D CAD,week3,範例二  畫房子,302 屋頂與屋脊 - SketchUp 畫弧工具,Lesson,3,0
14,3d-cad,工程圖學 3D CAD,week3,範例二  畫房子,303 老虎窗與煙囪 - SketchUp 線與平面交集功能,Lesson,0,0
14,3d-cad,工程圖學 3D CAD,week3,範例二  畫房子,304 測驗二,Normal Assignment,8,1
14,3d-cad,工程圖學 3D CAD,week3,範例二  畫房子,305 SketchUp 畫房子,Peer Assignment,3,0
14,3d-cad,工程圖學 3D CAD,week4,範例三  海灘球,401 畫圓球 - SketchUp 畫圓工具與路徑跟隨,Lesson,1,0
14,3d-cad,工程圖學 3D CAD,week4,範例三  海灘球,402 畫球皮 - SketchUp 旋轉複製功能,Lesson,1,0
14,3d-cad,工程圖學 3D CAD,week4,範例三  海灘球,403 畫球皮 - SketchUp 交集表面與顏料桶,Lesson,1,0
14,3d-cad,工程圖學 3D CAD,week4,範例三  海灘球,404 測驗三,Normal Assignment,5,2
14,3d-cad,工程圖學 3D CAD,week4,範例三  海灘球,405 SketchUp 畫輪子,Peer Assignment,3,1
14,3d-cad,工程圖學 3D CAD,week5,範例四  畫窗簾,501 SketchUp 比例工具,Lesson,0,0
14,3d-cad,工程圖學 3D CAD,week5,範例四  畫窗簾,502 窗簾褶皺 - SketchUp 畫弧與平移複製技巧,Lesson,1,0
14,3d-cad,工程圖學 3D CAD,week5,範例四  畫窗簾,503 佈置窗簾 - SketchUp 比例、鏡射、柔化平滑邊緣,Lesson,1,0
14,3d-cad,工程圖學 3D CAD,week5,範例四  畫窗簾,504 測驗四,Normal Assignment,5,0
14,3d-cad,工程圖學 3D CAD,week5,範例四  畫窗簾,505 SketchUp 畫101,Peer Assignment,1,0
14,3d-cad,工程圖學 3D CAD,week6,範例五 實心工具,601 SketchUp Pro 相減技巧示範一,Lesson,1,0
14,3d-cad,工程圖學 3D CAD,week6,範例五 實心工具,602 SketchUp Pro 相減技巧示範二,Lesson,1,0
14,3d-cad,工程圖學 3D CAD,week7,下回見！,下一個旅程,Lesson,0,0
14,3d-cad,工程圖學 3D CAD,week7,下回見！,回顧 Part 1,Lesson,1,0
14,3d-cad,工程圖學 3D CAD,week7,下回見！,回顧 Part 2,Lesson,3,0
15,2d-cad,工程圖學 2D CAD,week1,蓄勢待發 Get Ready,101 認識這門課 Get to Know This Course,Lesson,18,0
15,2d-cad,工程圖學 2D CAD,week1,蓄勢待發 Get Ready,102 課程大綱：我將會學些什麼？ Syllabus,Survey,61,3
15,2d-cad,工程圖學 2D CAD,week1,蓄勢待發 Get Ready,103 如何通過本課程 How to Pass This Course,Lesson,8,0
15,2d-cad,工程圖學 2D CAD,week1,蓄勢待發 Get Ready,104 評分方式 Grading,Survey,43,0
15,2d-cad,工程圖學 2D CAD,week1,蓄勢待發 Get Ready,105 課程FAQ  Course FAQ,Survey,26,0
15,2d-cad,工程圖學 2D CAD,week1,蓄勢待發 Get Ready,106 製作團隊 Production Team,Survey,40,0
15,2d-cad,工程圖學 2D CAD,week1,蓄勢待發 Get Ready,107 AutoCAD 2015 應用程式 軟體安裝,Lesson,14,0
15,2d-cad,工程圖學 2D CAD,week1,蓄勢待發 Get Ready,CAD/BIM專項課程歡迎你！ Welcome to CAD/BIM ...,Lesson,25,0
15,2d-cad,工程圖學 2D CAD,week1,蓄勢待發 Get Ready,【問卷】讓我們更了解你！,Lesson,9,1
15,2d-cad,工程圖學 2D CAD,week1,蓄勢待發 Get Ready,課程簡報 Course Slides,Survey,85,0
15,2d-cad,工程圖學 2D CAD,week2,工程圖學的意義與知識 Sign...,201 工程師的語言 Language of Engineers,Lesson,27,1
15,2d-cad,工程圖學 2D CAD,week2,工程圖學的意義與知識 Sign...,202 工程師的圖學素養  Graphic Literacy for ...,Lesson,16,0
15,2d-cad,工程圖學 2D CAD,week2,工程圖學的意義與知識 Sign...,203 工程師的圖學工具 Graphic Tools For Engi...,Lesson,13,1
15,2d-cad,工程圖學 2D CAD,week2,工程圖學的意義與知識 Sign...,習題：工程圖學的意義與知識,,44,1
15,2d-cad,工程圖學 2D CAD,week2,工程圖學的意義與知識 Sign...,課程簡報 Course Slides,Survey,85,0
15,2d-cad,工程圖學 2D CAD,week3,基礎圖形繪製,301 平面草繪基礎 - 畫直線,Lesson,19,0
15,2d-cad,工程圖學 2D CAD,week3,基礎圖形繪製,302 平面草繪基礎 - 畫圓、橢圓、弧,Lesson,10,0
15,2d-cad,工程圖學 2D CAD,week3,基礎圖形繪製,303 平面草繪實作,Lesson,10,0
15,2d-cad,工程圖學 2D CAD,week3,基礎圖形繪製,304 AutoCAD 畫線 (line),Lesson,14,0
15,2d-cad,工程圖學 2D CAD,week3,基礎圖形繪製,305 AutoCAD 畫圓 (circle),Lesson,9,0
15,2d-cad,工程圖學 2D CAD,week3,基礎圖形繪製,306 AutoCAD 畫弧 (arc),Lesson,10,0
15,2d-cad,工程圖學 2D CAD,week3,基礎圖形繪製,308 手繪太極,,10,0
15,2d-cad,工程圖學 2D CAD,week3,基礎圖形繪製,309 手繪茶壺,,2,1
15,2d-cad,工程圖學 2D CAD,week3,基礎圖形繪製,310 AutoCAD繪製太極,,3,1
15,2d-cad,工程圖學 2D CAD,week3,基礎圖形繪製,310 正確性測驗,,3,0
15,2d-cad,工程圖學 2D CAD,week3,基礎圖形繪製,測驗ㄧ：基礎圖形繪製,Normal Assignment,42,6
15,2d-cad,工程圖學 2D CAD,week3,基礎圖形繪製,課程簡報,Survey,62,0
15,2d-cad,工程圖學 2D CAD,week4,幾何圖法,401 幾何構圖,Lesson,14,0
15,2d-cad,工程圖學 2D CAD,week4,幾何圖法,402 直線、弧與角度任意等分,Lesson,7,1
15,2d-cad,工程圖學 2D CAD,week4,幾何圖法,403 多邊形繪製,Lesson,4,0
15,2d-cad,工程圖學 2D CAD,week4,幾何圖法,404 橢圓繪製,Lesson,7,0
15,2d-cad,工程圖學 2D CAD,week4,幾何圖法,405 拋物線繪製,Lesson,4,0
15,2d-cad,工程圖學 2D CAD,week4,幾何圖法,406 AutoCAD 格線和鎖點 (grid and snap),Lesson,4,0
15,2d-cad,工程圖學 2D CAD,week4,幾何圖法,407 AutoCAD 畫橢圓 (ellipse),Lesson,4,0
15,2d-cad,工程圖學 2D CAD,week4,幾何圖法,408 AutoCAD 畫雲形線 (spline)、拋物線,Lesson,3,0
15,2d-cad,工程圖學 2D CAD,week4,幾何圖法,409 AutoCAD 畫聚合線 (polyline),Lesson,4,0
15,2d-cad,工程圖學 2D CAD,week4,幾何圖法,411 手繪拋物線,,1,0
15,2d-cad,工程圖學 2D CAD,week4,幾何圖法,412 手繪橢圓(同心圓法),,0,0
15,2d-cad,工程圖學 2D CAD,week4,幾何圖法,測驗二：幾何圖法,Normal Assignment,9,1
15,2d-cad,工程圖學 2D CAD,week4,幾何圖法,課程簡報,Survey,62,0
15,2d-cad,工程圖學 2D CAD,week5,三視圖,501 正投影基本概念,Lesson,5,0
15,2d-cad,工程圖學 2D CAD,week5,三視圖,502 點、線、面投影特性,Lesson,9,0
15,2d-cad,工程圖學 2D CAD,week5,三視圖,503 繪製三視圖,Lesson,5,0
15,2d-cad,工程圖學 2D CAD,week5,三視圖,504 隱藏線和中心線,Lesson,5,0
15,2d-cad,工程圖學 2D CAD,week5,三視圖,505 圓柱與曲面慣用表示,Lesson,3,1
15,2d-cad,工程圖學 2D CAD,week5,三視圖,506 手繪 EG Cube #1 三視圖,Lesson,2,0
15,2d-cad,工程圖學 2D CAD,week5,三視圖,507 AutoCAD 延伸 (extend),Lesson,2,0
15,2d-cad,工程圖學 2D CAD,week5,三視圖,508 AutoCAD 物件鎖點模式、物件選擇方式 (select),Lesson,0,0
15,2d-cad,工程圖學 2D CAD,week5,三視圖,509 AutoCAD 分解(explode) 、接合(joint)、...,Lesson,1,0
15,2d-cad,工程圖學 2D CAD,week5,三視圖,510 AutoCAD 修剪 (trim)、快速修剪(extrim),Lesson,2,0
15,2d-cad,工程圖學 2D CAD,week5,三視圖,511 AutoCAD 繪製 EG Cube #1 三視圖,Lesson,2,0
15,2d-cad,工程圖學 2D CAD,week5,三視圖,514 手繪三視圖 EG Cube #2,Peer Assignment,5,0
15,2d-cad,工程圖學 2D CAD,week5,三視圖,515 AutoCAD繪製三視圖 EG Cube #3,Peer Assignment,4,2
15,2d-cad,工程圖學 2D CAD,week5,三視圖,515 正確性測驗,,3,0
15,2d-cad,工程圖學 2D CAD,week5,三視圖,測驗三：三視圖,Normal Assignment,11,0
15,2d-cad,工程圖學 2D CAD,week5,三視圖,課程簡報,Survey,62,0
15,2d-cad,工程圖學 2D CAD,week6,立體圖,601 立體圖種類,Lesson,1,0
15,2d-cad,工程圖學 2D CAD,week6,立體圖,602 投影的特性,Lesson,4,0
15,2d-cad,工程圖學 2D CAD,week6,立體圖,603 平面想像立體的方法,Lesson,0,0
15,2d-cad,工程圖學 2D CAD,week6,立體圖,604 等角投影與等角圖,Lesson,2,0
15,2d-cad,工程圖學 2D CAD,week6,立體圖,605 斜投影圖,Lesson,2,0
15,2d-cad,工程圖學 2D CAD,week6,立體圖,606 透視投影圖,Lesson,2,0
15,2d-cad,工程圖學 2D CAD,week6,立體圖,607 AutoCAD 繪製EG Cube #1 等角圖,Lesson,1,0
15,2d-cad,工程圖學 2D CAD,week6,立體圖,608 AutoCAD 平面視圖與等角視圖,Lesson,3,0
15,2d-cad,工程圖學 2D CAD,week6,立體圖,609 AutoCAD 縮放和鏡射 (scale and mirror...,Lesson,3,0
15,2d-cad,工程圖學 2D CAD,week6,立體圖,610 AutoCAD 旋轉 (rotate),Lesson,0,0
15,2d-cad,工程圖學 2D CAD,week6,立體圖,611 AutoCAD 圓角與倒角 (fillet and chamf...,Lesson,2,0
15,2d-cad,工程圖學 2D CAD,week6,立體圖,612 AutoCAD 陣列 (array),Lesson,1,0
15,2d-cad,工程圖學 2D CAD,week6,立體圖,614 手繪等角圖 EG Cube #4,Peer Assignment,1,0
15,2d-cad,工程圖學 2D CAD,week6,立體圖,615 AutoCAD繪製等角圖 EG-Cube #3,,3,0
15,2d-cad,工程圖學 2D CAD,week6,立體圖,615 正確性測驗,,0,0
15,2d-cad,工程圖學 2D CAD,week6,立體圖,測驗四：立體圖,Normal Assignment,8,0
15,2d-cad,工程圖學 2D CAD,week6,立體圖,課程簡報,Survey,62,0
15,2d-cad,工程圖學 2D CAD,week7,尺寸標註與出圖,701 尺寸標註,Lesson,3,0
15,2d-cad,工程圖學 2D CAD,week7,尺寸標註與出圖,702 圖框與標題欄,Lesson,3,1
15,2d-cad,工程圖學 2D CAD,week7,尺寸標註與出圖,703 AutoCAD 填充線 (hatch),Lesson,2,0
15,2d-cad,工程圖學 2D CAD,week7,尺寸標註與出圖,704 AutoCAD 物件性質,Lesson,2,0
15,2d-cad,工程圖學 2D CAD,week7,尺寸標註與出圖,705 AutoCAD 圖層 (layer),Lesson,2,0
15,2d-cad,工程圖學 2D CAD,week7,尺寸標註與出圖,706 AutoCAD 標註型式設定,Lesson,5,0
15,2d-cad,工程圖學 2D CAD,week7,尺寸標註與出圖,707 AutoCAD 尺寸標註 (dimension),Lesson,2,0
15,2d-cad,工程圖學 2D CAD,week7,尺寸標註與出圖,708 AutoCAD 文字註解及引線,Lesson,1,0
15,2d-cad,工程圖學 2D CAD,week7,尺寸標註與出圖,709 AutoCAD 配置出圖、圖框及頁面設定 (layout),Lesson,2,0
15,2d-cad,工程圖學 2D CAD,week7,尺寸標註與出圖,710 AutoCAD 不同比例尺寸文字大小調整 (layout),Lesson,2,0
15,2d-cad,工程圖學 2D CAD,week7,尺寸標註與出圖,712 AutoCAD EG-Cube #3 出圖,,0,0
15,2d-cad,工程圖學 2D CAD,week7,尺寸標註與出圖,測驗五：尺寸標註與出圖,Normal Assignment,5,0
15,2d-cad,工程圖學 2D CAD,week7,尺寸標註與出圖,課程簡報,Survey,62,0
15,2d-cad,工程圖學 2D CAD,week8,下回見！,下一個旅程,Lesson,1,0
15,2d-cad,工程圖學 2D CAD,week8,下回見！,回顧 Part 1,Lesson,1,0
15,2d-cad,工程圖學 2D CAD,week8,下回見！,回顧 Part 2,Lesson,0,0
15,2d-cad,工程圖學 2D CAD,week8,下回見！,回顧 Part 3,Lesson,1,0
15,2d-cad,工程圖學 2D CAD,week8,下回見！,回顧 Part 4,Lesson,0,0
15,2d-cad,工程圖學 2D CAD,week8,下回見！,恭喜完成課程！填寫問卷，分享蛻變的你,Lesson,1,0
16,cad3d,工程圖學 3D CAD 專題,week1,蓄勢待發,101 認識本課程,Lesson,2,1
16,cad3d,工程圖學 3D CAD 專題,week1,蓄勢待發,102 課程大綱：我將會做什麼？,Survey,8,0
16,cad3d,工程圖學 3D CAD 專題,week1,蓄勢待發,103 如何通過本課程,Lesson,2,1
16,cad3d,工程圖學 3D CAD 專題,week1,蓄勢待發,104 評分方式,Survey,5,0
16,cad3d,工程圖學 3D CAD 專題,week1,蓄勢待發,105 課程FAQ,Survey,3,0
16,cad3d,工程圖學 3D CAD 專題,week1,蓄勢待發,106 製作團隊,Survey,5,0
16,cad3d,工程圖學 3D CAD 專題,week1,蓄勢待發,CAD/BIM專項課程歡迎你！,Lesson,4,1
16,cad3d,工程圖學 3D CAD 專題,week2,建築模型基本功,201 3D建築模型繪製順序,Lesson,3,0
16,cad3d,工程圖學 3D CAD 專題,week2,建築模型基本功,202 建模注意事項,Lesson,4,0
16,cad3d,工程圖學 3D CAD 專題,week2,建築模型基本功,203 SketchUp匯入CAD圖,Lesson,1,0
16,cad3d,工程圖學 3D CAD 專題,week2,建築模型基本功,實作附件,Survey,5,0
16,cad3d,工程圖學 3D CAD 專題,week2,建築模型基本功,簡報下載,Survey,7,0
16,cad3d,工程圖學 3D CAD 專題,week3,結構模型,301 群組(Group),Lesson,1,0
16,cad3d,工程圖學 3D CAD 專題,week3,結構模型,302 SketchUp 繪製一樓樓板,Lesson,1,0
16,cad3d,工程圖學 3D CAD 專題,week3,結構模型,303 SketchUp 繪製柱,Lesson,1,0
16,cad3d,工程圖學 3D CAD 專題,week3,結構模型,304 SketchUp 繪製牆,Lesson,1,0
16,cad3d,工程圖學 3D CAD 專題,week3,結構模型,305 SketchUp 繪製梁,Lesson,1,0
16,cad3d,工程圖學 3D CAD 專題,week3,結構模型,306 SketchUp 調整牆高至梁底,Lesson,0,0
16,cad3d,工程圖學 3D CAD 專題,week3,結構模型,簡報下載,Survey,7,0
16,cad3d,工程圖學 3D CAD 專題,week4,樓梯模型,401 SketchUp 繪製第一段樓梯與樓梯平台,Lesson,1,0
16,cad3d,工程圖學 3D CAD 專題,week4,樓梯模型,402 SketchUp 繪製第二、三段樓梯,Lesson,2,0
16,cad3d,工程圖學 3D CAD 專題,week4,樓梯模型,403 SketchUp 修整樓梯與建立群組,Lesson,1,0
16,cad3d,工程圖學 3D CAD 專題,week4,樓梯模型,404 SketchUp 繪製第一段樓梯扶手,Lesson,1,0
16,cad3d,工程圖學 3D CAD 專題,week4,樓梯模型,405 SketchUp 繪製第二段樓梯扶手,Lesson,1,0
16,cad3d,工程圖學 3D CAD 專題,week4,樓梯模型,406 SketchUp 繪製第三段樓梯扶手,Lesson,1,0
16,cad3d,工程圖學 3D CAD 專題,week4,樓梯模型,407 SketchUp 繪製二樓樓板,Lesson,1,0
16,cad3d,工程圖學 3D CAD 專題,week5,第一次評量,測驗一,Normal Assignment,3,3
16,cad3d,工程圖學 3D CAD 專題,week5,第一次評量,蓋房子第一階段-結構與樓梯,Peer Assignment,1,0
16,cad3d,工程圖學 3D CAD 專題,week6,門窗元件,601 SketchUp 繪製Ｗ2窗戶元件,Lesson,1,0
16,cad3d,工程圖學 3D CAD 專題,week6,門窗元件,601 元件(Component),Lesson,2,0
16,cad3d,工程圖學 3D CAD 專題,week6,門窗元件,602 SketchUp 繪製DW1窗戶元件,Lesson,2,0
16,cad3d,工程圖學 3D CAD 專題,week6,門窗元件,603 SketchUp 繪製DW2窗戶元件,Lesson,2,0
16,cad3d,工程圖學 3D CAD 專題,week6,門窗元件,604 SketchUp 繪製D4門基本外型,Lesson,1,0
16,cad3d,工程圖學 3D CAD 專題,week6,門窗元件,605 SketchUp D4門上色與修飾,Lesson,1,0
16,cad3d,工程圖學 3D CAD 專題,week6,門窗元件,606 SketchUp 繪製D4門門把,Lesson,1,0
16,cad3d,工程圖學 3D CAD 專題,week6,門窗元件,簡報下載,Survey,7,0
16,cad3d,工程圖學 3D CAD 專題,week7,模型編修與放置元件,701 SketchUp 匯入元件,Lesson,1,0
16,cad3d,工程圖學 3D CAD 專題,week7,模型編修與放置元件,702 SketchUp 建立開口與放置W2元件,Lesson,1,0
16,cad3d,工程圖學 3D CAD 專題,week7,模型編修與放置元件,703 SketchUp 建立冷氣口元件,Lesson,1,0
16,cad3d,工程圖學 3D CAD 專題,week7,模型編修與放置元件,704 SketchUp 放置SD1鐵捲門元件,Lesson,1,0
16,cad3d,工程圖學 3D CAD 專題,week7,模型編修與放置元件,705 SketchUp 放置D1大門與D4房間門元件,Lesson,1,0
16,cad3d,工程圖學 3D CAD 專題,week7,模型編修與放置元件,706 SketchUp 放置衛浴門,Lesson,0,0
16,cad3d,工程圖學 3D CAD 專題,week8,材質與模型組合,801 模型組合,Lesson,1,0
16,cad3d,工程圖學 3D CAD 專題,week8,材質與模型組合,802 材質與陰影,Lesson,1,0
16,cad3d,工程圖學 3D CAD 專題,week8,材質與模型組合,803 SketchUp 模型表面檢查,Lesson,1,0
16,cad3d,工程圖學 3D CAD 專題,week8,材質與模型組合,804 SketchUp 材質蒐集、建立與調整,Lesson,2,0
16,cad3d,工程圖學 3D CAD 專題,week8,材質與模型組合,805 SketchUp 元件上材質,Lesson,1,0
16,cad3d,工程圖學 3D CAD 專題,week8,材質與模型組合,806 SketchUp 各樓層模型組合,Lesson,1,0
16,cad3d,工程圖學 3D CAD 專題,week8,材質與模型組合,807 SketchUp 模型陰影,Lesson,1,0
16,cad3d,工程圖學 3D CAD 專題,week8,材質與模型組合,808 SketchUp 匯出圖檔,Lesson,1,0
16,cad3d,工程圖學 3D CAD 專題,week8,材質與模型組合,實作附件,Survey,5,0
16,cad3d,工程圖學 3D CAD 專題,week8,材質與模型組合,簡報下載,Survey,7,0
16,cad3d,工程圖學 3D CAD 專題,week9,第二次評量,測驗二,Normal Assignment,0,1
16,cad3d,工程圖學 3D CAD 專題,week9,第二次評量,蓋房子第二階段-門窗、裝修、材質到模型組合,Peer Assignment,0,0
16,cad3d,工程圖學 3D CAD 專題,week10,下回見！,GO! 前進BIM!,Lesson,1,0
16,cad3d,工程圖學 3D CAD 專題,week10,下回見！,回顧 Part 1,Lesson,1,0
16,cad3d,工程圖學 3D CAD 專題,week10,下回見！,回顧 Part 2,Lesson,1,0
