id,英文名稱,課程名稱,週次,該週開始日期,該週結束日期,註冊人數,購買人數,完課人數
1,gabr,商管研究中的賽局分析：通路選擇、合約制定與共享經濟,Week1,2017-09-14,2017-09-20,15,0,0
1,gabr,商管研究中的賽局分析：通路選擇、合約制定與共享經濟,Week2,2017-09-21,2017-09-27,33,0,0
1,gabr,商管研究中的賽局分析：通路選擇、合約制定與共享經濟,Week3,2017-09-28,2017-10-04,543,4,0
1,gabr,商管研究中的賽局分析：通路選擇、合約制定與共享經濟,Week4,2017-10-05,2017-10-11,58,1,0
1,gabr,商管研究中的賽局分析：通路選擇、合約制定與共享經濟,Week5,2017-10-12,2017-10-18,42,0,0
1,gabr,商管研究中的賽局分析：通路選擇、合約制定與共享經濟,Week6,2017-10-19,2017-10-25,96,0,0
1,gabr,商管研究中的賽局分析：通路選擇、合約制定與共享經濟,Week7,2017-10-26,2017-11-01,45,0,0
1,gabr,商管研究中的賽局分析：通路選擇、合約制定與共享經濟,Week8,2017-11-02,2017-11-08,17,0,0
1,gabr,商管研究中的賽局分析：通路選擇、合約制定與共享經濟,Week9,2017-11-09,2017-11-15,18,0,0
1,gabr,商管研究中的賽局分析：通路選擇、合約制定與共享經濟,Week10,2017-11-16,2017-11-22,28,0,0
1,gabr,商管研究中的賽局分析：通路選擇、合約制定與共享經濟,Week11,2017-11-23,2017-11-29,22,0,0
1,gabr,商管研究中的賽局分析：通路選擇、合約制定與共享經濟,Week12,2017-11-30,2017-12-06,1,0,0
2,ntumlone-mathematicalfoundations,機器學習基石上 (Machine Learning Foundations)---Mathematical Foundations,Week1,2017-01-19,2017-01-25,1,0,1
2,ntumlone-mathematicalfoundations,機器學習基石上 (Machine Learning Foundations)---Mathematical Foundations,Week2,2017-01-26,2017-02-01,0,0,0
2,ntumlone-mathematicalfoundations,機器學習基石上 (Machine Learning Foundations)---Mathematical Foundations,Week3,2017-02-02,2017-02-08,0,0,0
2,ntumlone-mathematicalfoundations,機器學習基石上 (Machine Learning Foundations)---Mathematical Foundations,Week4,2017-02-09,2017-02-15,0,0,0
2,ntumlone-mathematicalfoundations,機器學習基石上 (Machine Learning Foundations)---Mathematical Foundations,Week5,2017-02-16,2017-02-22,0,0,0
2,ntumlone-mathematicalfoundations,機器學習基石上 (Machine Learning Foundations)---Mathematical Foundations,Week6,2017-02-23,2017-03-01,0,0,0
2,ntumlone-mathematicalfoundations,機器學習基石上 (Machine Learning Foundations)---Mathematical Foundations,Week7,2017-03-02,2017-03-08,0,0,0
2,ntumlone-mathematicalfoundations,機器學習基石上 (Machine Learning Foundations)---Mathematical Foundations,Week8,2017-03-09,2017-03-15,0,0,0
2,ntumlone-mathematicalfoundations,機器學習基石上 (Machine Learning Foundations)---Mathematical Foundations,Week9,2017-03-16,2017-03-22,0,0,0
2,ntumlone-mathematicalfoundations,機器學習基石上 (Machine Learning Foundations)---Mathematical Foundations,Week10,2017-03-23,2017-03-29,0,0,0
2,ntumlone-mathematicalfoundations,機器學習基石上 (Machine Learning Foundations)---Mathematical Foundations,Week11,2017-03-30,2017-04-05,0,0,0
2,ntumlone-mathematicalfoundations,機器學習基石上 (Machine Learning Foundations)---Mathematical Foundations,Week12,2017-04-06,2017-04-12,0,0,0
2,ntumlone-mathematicalfoundations,機器學習基石上 (Machine Learning Foundations)---Mathematical Foundations,Week13,2017-04-13,2017-04-19,0,0,0
2,ntumlone-mathematicalfoundations,機器學習基石上 (Machine Learning Foundations)---Mathematical Foundations,Week14,2017-04-20,2017-04-26,0,0,0
2,ntumlone-mathematicalfoundations,機器學習基石上 (Machine Learning Foundations)---Mathematical Foundations,Week15,2017-04-27,2017-05-03,0,0,0
2,ntumlone-mathematicalfoundations,機器學習基石上 (Machine Learning Foundations)---Mathematical Foundations,Week16,2017-05-04,2017-05-10,1,0,0
2,ntumlone-mathematicalfoundations,機器學習基石上 (Machine Learning Foundations)---Mathematical Foundations,Week17,2017-05-11,2017-05-17,0,0,0
2,ntumlone-mathematicalfoundations,機器學習基石上 (Machine Learning Foundations)---Mathematical Foundations,Week18,2017-05-18,2017-05-24,0,0,0
2,ntumlone-mathematicalfoundations,機器學習基石上 (Machine Learning Foundations)---Mathematical Foundations,Week19,2017-05-25,2017-05-31,0,0,0
2,ntumlone-mathematicalfoundations,機器學習基石上 (Machine Learning Foundations)---Mathematical Foundations,Week20,2017-06-01,2017-06-07,0,0,0
2,ntumlone-mathematicalfoundations,機器學習基石上 (Machine Learning Foundations)---Mathematical Foundations,Week21,2017-06-08,2017-06-14,1,0,0
2,ntumlone-mathematicalfoundations,機器學習基石上 (Machine Learning Foundations)---Mathematical Foundations,Week22,2017-06-15,2017-06-21,1219,34,43
2,ntumlone-mathematicalfoundations,機器學習基石上 (Machine Learning Foundations)---Mathematical Foundations,Week23,2017-06-22,2017-06-28,594,16,21
2,ntumlone-mathematicalfoundations,機器學習基石上 (Machine Learning Foundations)---Mathematical Foundations,Week24,2017-06-29,2017-07-05,431,10,19
2,ntumlone-mathematicalfoundations,機器學習基石上 (Machine Learning Foundations)---Mathematical Foundations,Week25,2017-07-06,2017-07-12,325,3,12
2,ntumlone-mathematicalfoundations,機器學習基石上 (Machine Learning Foundations)---Mathematical Foundations,Week26,2017-07-13,2017-07-19,430,6,14
2,ntumlone-mathematicalfoundations,機器學習基石上 (Machine Learning Foundations)---Mathematical Foundations,Week27,2017-07-20,2017-07-26,391,4,20
2,ntumlone-mathematicalfoundations,機器學習基石上 (Machine Learning Foundations)---Mathematical Foundations,Week28,2017-07-27,2017-08-02,283,2,10
2,ntumlone-mathematicalfoundations,機器學習基石上 (Machine Learning Foundations)---Mathematical Foundations,Week29,2017-08-03,2017-08-09,336,1,8
2,ntumlone-mathematicalfoundations,機器學習基石上 (Machine Learning Foundations)---Mathematical Foundations,Week30,2017-08-10,2017-08-16,314,2,7
2,ntumlone-mathematicalfoundations,機器學習基石上 (Machine Learning Foundations)---Mathematical Foundations,Week31,2017-08-17,2017-08-23,293,2,10
2,ntumlone-mathematicalfoundations,機器學習基石上 (Machine Learning Foundations)---Mathematical Foundations,Week32,2017-08-24,2017-08-30,316,4,12
2,ntumlone-mathematicalfoundations,機器學習基石上 (Machine Learning Foundations)---Mathematical Foundations,Week33,2017-08-31,2017-09-06,332,1,5
2,ntumlone-mathematicalfoundations,機器學習基石上 (Machine Learning Foundations)---Mathematical Foundations,Week34,2017-09-07,2017-09-13,380,1,5
2,ntumlone-mathematicalfoundations,機器學習基石上 (Machine Learning Foundations)---Mathematical Foundations,Week35,2017-09-14,2017-09-20,374,2,7
2,ntumlone-mathematicalfoundations,機器學習基石上 (Machine Learning Foundations)---Mathematical Foundations,Week36,2017-09-21,2017-09-27,348,2,7
2,ntumlone-mathematicalfoundations,機器學習基石上 (Machine Learning Foundations)---Mathematical Foundations,Week37,2017-09-28,2017-10-04,273,3,10
2,ntumlone-mathematicalfoundations,機器學習基石上 (Machine Learning Foundations)---Mathematical Foundations,Week38,2017-10-05,2017-10-11,329,2,8
2,ntumlone-mathematicalfoundations,機器學習基石上 (Machine Learning Foundations)---Mathematical Foundations,Week39,2017-10-12,2017-10-18,312,2,4
2,ntumlone-mathematicalfoundations,機器學習基石上 (Machine Learning Foundations)---Mathematical Foundations,Week40,2017-10-19,2017-10-25,610,6,7
2,ntumlone-mathematicalfoundations,機器學習基石上 (Machine Learning Foundations)---Mathematical Foundations,Week41,2017-10-26,2017-11-01,347,5,6
2,ntumlone-mathematicalfoundations,機器學習基石上 (Machine Learning Foundations)---Mathematical Foundations,Week42,2017-11-02,2017-11-08,285,1,3
2,ntumlone-mathematicalfoundations,機器學習基石上 (Machine Learning Foundations)---Mathematical Foundations,Week43,2017-11-09,2017-11-15,356,5,4
2,ntumlone-mathematicalfoundations,機器學習基石上 (Machine Learning Foundations)---Mathematical Foundations,Week44,2017-11-16,2017-11-22,447,4,1
2,ntumlone-mathematicalfoundations,機器學習基石上 (Machine Learning Foundations)---Mathematical Foundations,Week45,2017-11-23,2017-11-29,280,1,0
2,ntumlone-mathematicalfoundations,機器學習基石上 (Machine Learning Foundations)---Mathematical Foundations,Week46,2017-11-30,2017-12-06,62,0,0
3,qin-shi-huang,中國古代歷史與人物－－秦始皇,Week1,2017-03-20,2017-03-26,124,2,1
3,qin-shi-huang,中國古代歷史與人物－－秦始皇,Week2,2017-03-27,2017-04-02,84,0,0
3,qin-shi-huang,中國古代歷史與人物－－秦始皇,Week3,2017-04-03,2017-04-09,118,1,2
3,qin-shi-huang,中國古代歷史與人物－－秦始皇,Week4,2017-04-10,2017-04-16,74,0,1
3,qin-shi-huang,中國古代歷史與人物－－秦始皇,Week5,2017-04-17,2017-04-23,91,0,1
3,qin-shi-huang,中國古代歷史與人物－－秦始皇,Week6,2017-04-24,2017-04-30,87,1,1
3,qin-shi-huang,中國古代歷史與人物－－秦始皇,Week7,2017-05-01,2017-05-07,124,2,7
3,qin-shi-huang,中國古代歷史與人物－－秦始皇,Week8,2017-05-08,2017-05-14,109,0,2
3,qin-shi-huang,中國古代歷史與人物－－秦始皇,Week9,2017-05-15,2017-05-21,95,1,2
3,qin-shi-huang,中國古代歷史與人物－－秦始皇,Week10,2017-05-22,2017-05-28,97,0,1
3,qin-shi-huang,中國古代歷史與人物－－秦始皇,Week11,2017-05-29,2017-06-04,104,0,2
3,qin-shi-huang,中國古代歷史與人物－－秦始皇,Week12,2017-06-05,2017-06-11,115,1,1
3,qin-shi-huang,中國古代歷史與人物－－秦始皇,Week13,2017-06-12,2017-06-18,105,0,1
3,qin-shi-huang,中國古代歷史與人物－－秦始皇,Week14,2017-06-19,2017-06-25,111,0,1
3,qin-shi-huang,中國古代歷史與人物－－秦始皇,Week15,2017-06-26,2017-07-02,121,1,0
3,qin-shi-huang,中國古代歷史與人物－－秦始皇,Week16,2017-07-03,2017-07-09,109,1,2
3,qin-shi-huang,中國古代歷史與人物－－秦始皇,Week17,2017-07-10,2017-07-16,104,0,1
3,qin-shi-huang,中國古代歷史與人物－－秦始皇,Week18,2017-07-17,2017-07-23,96,1,1
3,qin-shi-huang,中國古代歷史與人物－－秦始皇,Week19,2017-07-24,2017-07-30,100,0,2
3,qin-shi-huang,中國古代歷史與人物－－秦始皇,Week20,2017-07-31,2017-08-06,108,1,1
3,qin-shi-huang,中國古代歷史與人物－－秦始皇,Week21,2017-08-07,2017-08-13,82,0,1
3,qin-shi-huang,中國古代歷史與人物－－秦始皇,Week22,2017-08-14,2017-08-20,133,0,0
3,qin-shi-huang,中國古代歷史與人物－－秦始皇,Week23,2017-08-21,2017-08-27,112,1,2
3,qin-shi-huang,中國古代歷史與人物－－秦始皇,Week24,2017-08-28,2017-09-03,124,0,0
3,qin-shi-huang,中國古代歷史與人物－－秦始皇,Week25,2017-09-04,2017-09-10,102,1,1
3,qin-shi-huang,中國古代歷史與人物－－秦始皇,Week26,2017-09-11,2017-09-17,119,1,1
3,qin-shi-huang,中國古代歷史與人物－－秦始皇,Week27,2017-09-18,2017-09-24,90,1,1
3,qin-shi-huang,中國古代歷史與人物－－秦始皇,Week28,2017-09-25,2017-10-01,112,0,0
3,qin-shi-huang,中國古代歷史與人物－－秦始皇,Week29,2017-10-02,2017-10-08,111,1,0
3,qin-shi-huang,中國古代歷史與人物－－秦始皇,Week30,2017-10-09,2017-10-15,100,0,0
3,qin-shi-huang,中國古代歷史與人物－－秦始皇,Week31,2017-10-16,2017-10-22,97,2,1
3,qin-shi-huang,中國古代歷史與人物－－秦始皇,Week32,2017-10-23,2017-10-29,81,0,0
3,qin-shi-huang,中國古代歷史與人物－－秦始皇,Week33,2017-10-30,2017-11-05,90,0,0
3,qin-shi-huang,中國古代歷史與人物－－秦始皇,Week34,2017-11-06,2017-11-12,99,0,0
3,qin-shi-huang,中國古代歷史與人物－－秦始皇,Week35,2017-11-13,2017-11-19,99,1,0
3,qin-shi-huang,中國古代歷史與人物－－秦始皇,Week36,2017-11-20,2017-11-26,88,1,0
3,qin-shi-huang,中國古代歷史與人物－－秦始皇,Week37,2017-11-27,2017-12-03,45,0,0
4,rengong-zhineng,人工智慧(Artificial Intelligence),Week1,2016-07-13,2016-07-19,106,1,1
4,rengong-zhineng,人工智慧(Artificial Intelligence),Week2,2016-07-20,2016-07-26,84,0,2
4,rengong-zhineng,人工智慧(Artificial Intelligence),Week3,2016-07-27,2016-08-02,106,2,2
4,rengong-zhineng,人工智慧(Artificial Intelligence),Week4,2016-08-03,2016-08-09,77,1,2
4,rengong-zhineng,人工智慧(Artificial Intelligence),Week5,2016-08-10,2016-08-16,89,0,0
4,rengong-zhineng,人工智慧(Artificial Intelligence),Week6,2016-08-17,2016-08-23,316,1,7
4,rengong-zhineng,人工智慧(Artificial Intelligence),Week7,2016-08-24,2016-08-30,115,1,5
4,rengong-zhineng,人工智慧(Artificial Intelligence),Week8,2016-08-31,2016-09-06,99,0,1
4,rengong-zhineng,人工智慧(Artificial Intelligence),Week9,2016-09-07,2016-09-13,93,1,3
4,rengong-zhineng,人工智慧(Artificial Intelligence),Week10,2016-09-14,2016-09-20,100,1,1
4,rengong-zhineng,人工智慧(Artificial Intelligence),Week11,2016-09-21,2016-09-27,110,1,1
4,rengong-zhineng,人工智慧(Artificial Intelligence),Week12,2016-09-28,2016-10-04,106,1,2
4,rengong-zhineng,人工智慧(Artificial Intelligence),Week13,2016-10-05,2016-10-11,112,0,1
4,rengong-zhineng,人工智慧(Artificial Intelligence),Week14,2016-10-12,2016-10-18,119,2,5
4,rengong-zhineng,人工智慧(Artificial Intelligence),Week15,2016-10-19,2016-10-25,108,4,4
4,rengong-zhineng,人工智慧(Artificial Intelligence),Week16,2016-10-26,2016-11-01,95,2,2
4,rengong-zhineng,人工智慧(Artificial Intelligence),Week17,2016-11-02,2016-11-08,111,2,1
4,rengong-zhineng,人工智慧(Artificial Intelligence),Week18,2016-11-09,2016-11-15,140,1,3
4,rengong-zhineng,人工智慧(Artificial Intelligence),Week19,2016-11-16,2016-11-22,138,1,2
4,rengong-zhineng,人工智慧(Artificial Intelligence),Week20,2016-11-23,2016-11-29,117,1,1
4,rengong-zhineng,人工智慧(Artificial Intelligence),Week21,2016-11-30,2016-12-06,111,0,1
4,rengong-zhineng,人工智慧(Artificial Intelligence),Week22,2016-12-07,2016-12-13,142,0,2
4,rengong-zhineng,人工智慧(Artificial Intelligence),Week23,2016-12-14,2016-12-20,142,1,1
4,rengong-zhineng,人工智慧(Artificial Intelligence),Week24,2016-12-21,2016-12-27,122,2,2
4,rengong-zhineng,人工智慧(Artificial Intelligence),Week25,2016-12-28,2017-01-03,127,1,1
4,rengong-zhineng,人工智慧(Artificial Intelligence),Week26,2017-01-04,2017-01-10,177,2,5
4,rengong-zhineng,人工智慧(Artificial Intelligence),Week27,2017-01-11,2017-01-17,162,0,0
4,rengong-zhineng,人工智慧(Artificial Intelligence),Week28,2017-01-18,2017-01-24,123,1,2
4,rengong-zhineng,人工智慧(Artificial Intelligence),Week29,2017-01-25,2017-01-31,100,0,1
4,rengong-zhineng,人工智慧(Artificial Intelligence),Week30,2017-02-01,2017-02-07,212,2,4
4,rengong-zhineng,人工智慧(Artificial Intelligence),Week31,2017-02-08,2017-02-14,136,2,2
4,rengong-zhineng,人工智慧(Artificial Intelligence),Week32,2017-02-15,2017-02-21,146,2,3
4,rengong-zhineng,人工智慧(Artificial Intelligence),Week33,2017-02-22,2017-02-28,113,2,3
4,rengong-zhineng,人工智慧(Artificial Intelligence),Week34,2017-03-01,2017-03-07,145,5,4
4,rengong-zhineng,人工智慧(Artificial Intelligence),Week35,2017-03-08,2017-03-14,164,2,5
4,rengong-zhineng,人工智慧(Artificial Intelligence),Week36,2017-03-15,2017-03-21,136,1,1
4,rengong-zhineng,人工智慧(Artificial Intelligence),Week37,2017-03-22,2017-03-28,227,1,1
4,rengong-zhineng,人工智慧(Artificial Intelligence),Week38,2017-03-29,2017-04-04,137,2,1
4,rengong-zhineng,人工智慧(Artificial Intelligence),Week39,2017-04-05,2017-04-11,207,1,0
4,rengong-zhineng,人工智慧(Artificial Intelligence),Week40,2017-04-12,2017-04-18,154,1,3
4,rengong-zhineng,人工智慧(Artificial Intelligence),Week41,2017-04-19,2017-04-25,106,0,0
4,rengong-zhineng,人工智慧(Artificial Intelligence),Week42,2017-04-26,2017-05-02,147,1,4
4,rengong-zhineng,人工智慧(Artificial Intelligence),Week43,2017-05-03,2017-05-09,133,0,2
4,rengong-zhineng,人工智慧(Artificial Intelligence),Week44,2017-05-10,2017-05-16,147,2,2
4,rengong-zhineng,人工智慧(Artificial Intelligence),Week45,2017-05-17,2017-05-23,140,3,2
4,rengong-zhineng,人工智慧(Artificial Intelligence),Week46,2017-05-24,2017-05-30,185,4,5
4,rengong-zhineng,人工智慧(Artificial Intelligence),Week47,2017-05-31,2017-06-06,164,0,1
4,rengong-zhineng,人工智慧(Artificial Intelligence),Week48,2017-06-07,2017-06-13,163,2,1
4,rengong-zhineng,人工智慧(Artificial Intelligence),Week49,2017-06-14,2017-06-20,187,3,4
4,rengong-zhineng,人工智慧(Artificial Intelligence),Week50,2017-06-21,2017-06-27,180,4,7
4,rengong-zhineng,人工智慧(Artificial Intelligence),Week51,2017-06-28,2017-07-04,449,3,3
4,rengong-zhineng,人工智慧(Artificial Intelligence),Week52,2017-07-05,2017-07-11,191,1,3
4,rengong-zhineng,人工智慧(Artificial Intelligence),Week53,2017-07-12,2017-07-18,162,0,1
4,rengong-zhineng,人工智慧(Artificial Intelligence),Week54,2017-07-19,2017-07-25,153,1,0
4,rengong-zhineng,人工智慧(Artificial Intelligence),Week55,2017-07-26,2017-08-01,192,2,2
4,rengong-zhineng,人工智慧(Artificial Intelligence),Week56,2017-08-02,2017-08-08,138,2,2
4,rengong-zhineng,人工智慧(Artificial Intelligence),Week57,2017-08-09,2017-08-15,160,0,1
4,rengong-zhineng,人工智慧(Artificial Intelligence),Week58,2017-08-16,2017-08-22,133,1,1
4,rengong-zhineng,人工智慧(Artificial Intelligence),Week59,2017-08-23,2017-08-29,121,0,1
4,rengong-zhineng,人工智慧(Artificial Intelligence),Week60,2017-08-30,2017-09-05,153,0,0
4,rengong-zhineng,人工智慧(Artificial Intelligence),Week61,2017-09-06,2017-09-12,169,1,1
4,rengong-zhineng,人工智慧(Artificial Intelligence),Week62,2017-09-13,2017-09-19,124,2,2
4,rengong-zhineng,人工智慧(Artificial Intelligence),Week63,2017-09-20,2017-09-26,118,0,0
4,rengong-zhineng,人工智慧(Artificial Intelligence),Week64,2017-09-27,2017-10-03,111,0,0
4,rengong-zhineng,人工智慧(Artificial Intelligence),Week65,2017-10-04,2017-10-10,111,2,2
4,rengong-zhineng,人工智慧(Artificial Intelligence),Week66,2017-10-11,2017-10-17,136,0,1
4,rengong-zhineng,人工智慧(Artificial Intelligence),Week67,2017-10-18,2017-10-24,112,0,0
4,rengong-zhineng,人工智慧(Artificial Intelligence),Week68,2017-10-25,2017-10-31,153,0,0
4,rengong-zhineng,人工智慧(Artificial Intelligence),Week69,2017-11-01,2017-11-07,144,1,0
4,rengong-zhineng,人工智慧(Artificial Intelligence),Week70,2017-11-08,2017-11-14,132,1,0
4,rengong-zhineng,人工智慧(Artificial Intelligence),Week71,2017-11-15,2017-11-21,130,1,0
4,rengong-zhineng,人工智慧(Artificial Intelligence),Week72,2017-11-22,2017-11-28,114,0,0
4,rengong-zhineng,人工智慧(Artificial Intelligence),Week73,2017-11-29,2017-12-05,41,1,0
5,cad-bim-shiwu,CAD/BIM實務總整專題：畢業課程,Week1,2016-09-18,2016-09-24,9,4,1
5,cad-bim-shiwu,CAD/BIM實務總整專題：畢業課程,Week2,2016-09-25,2016-10-01,2,2,0
5,cad-bim-shiwu,CAD/BIM實務總整專題：畢業課程,Week3,2016-10-02,2016-10-08,16,1,0
5,cad-bim-shiwu,CAD/BIM實務總整專題：畢業課程,Week4,2016-10-09,2016-10-15,19,0,1
5,cad-bim-shiwu,CAD/BIM實務總整專題：畢業課程,Week5,2016-10-16,2016-10-22,8,0,0
5,cad-bim-shiwu,CAD/BIM實務總整專題：畢業課程,Week6,2016-10-23,2016-10-29,10,1,0
5,cad-bim-shiwu,CAD/BIM實務總整專題：畢業課程,Week7,2016-10-30,2016-11-05,16,0,0
5,cad-bim-shiwu,CAD/BIM實務總整專題：畢業課程,Week8,2016-11-06,2016-11-12,8,1,0
5,cad-bim-shiwu,CAD/BIM實務總整專題：畢業課程,Week9,2016-11-13,2016-11-19,8,0,0
5,cad-bim-shiwu,CAD/BIM實務總整專題：畢業課程,Week10,2016-11-20,2016-11-26,10,0,0
5,cad-bim-shiwu,CAD/BIM實務總整專題：畢業課程,Week11,2016-11-27,2016-12-03,10,0,0
5,cad-bim-shiwu,CAD/BIM實務總整專題：畢業課程,Week12,2016-12-04,2016-12-10,8,0,0
5,cad-bim-shiwu,CAD/BIM實務總整專題：畢業課程,Week13,2016-12-11,2016-12-17,12,0,0
5,cad-bim-shiwu,CAD/BIM實務總整專題：畢業課程,Week14,2016-12-18,2016-12-24,12,1,0
5,cad-bim-shiwu,CAD/BIM實務總整專題：畢業課程,Week15,2016-12-25,2016-12-31,6,1,0
5,cad-bim-shiwu,CAD/BIM實務總整專題：畢業課程,Week16,2017-01-01,2017-01-07,6,0,0
5,cad-bim-shiwu,CAD/BIM實務總整專題：畢業課程,Week17,2017-01-08,2017-01-14,2,0,0
5,cad-bim-shiwu,CAD/BIM實務總整專題：畢業課程,Week18,2017-01-15,2017-01-21,8,1,0
5,cad-bim-shiwu,CAD/BIM實務總整專題：畢業課程,Week19,2017-01-22,2017-01-28,2,2,0
5,cad-bim-shiwu,CAD/BIM實務總整專題：畢業課程,Week20,2017-01-29,2017-02-04,7,0,0
5,cad-bim-shiwu,CAD/BIM實務總整專題：畢業課程,Week21,2017-02-05,2017-02-11,7,0,0
5,cad-bim-shiwu,CAD/BIM實務總整專題：畢業課程,Week22,2017-02-12,2017-02-18,3,1,0
5,cad-bim-shiwu,CAD/BIM實務總整專題：畢業課程,Week23,2017-02-19,2017-02-25,4,1,0
5,cad-bim-shiwu,CAD/BIM實務總整專題：畢業課程,Week24,2017-02-26,2017-03-04,7,1,0
5,cad-bim-shiwu,CAD/BIM實務總整專題：畢業課程,Week25,2017-03-05,2017-03-11,1,0,0
5,cad-bim-shiwu,CAD/BIM實務總整專題：畢業課程,Week26,2017-03-12,2017-03-18,2,0,0
5,cad-bim-shiwu,CAD/BIM實務總整專題：畢業課程,Week27,2017-03-19,2017-03-25,1,0,0
5,cad-bim-shiwu,CAD/BIM實務總整專題：畢業課程,Week28,2017-03-26,2017-04-01,2,0,0
5,cad-bim-shiwu,CAD/BIM實務總整專題：畢業課程,Week29,2017-04-02,2017-04-08,9,0,0
5,cad-bim-shiwu,CAD/BIM實務總整專題：畢業課程,Week30,2017-04-09,2017-04-15,4,0,0
5,cad-bim-shiwu,CAD/BIM實務總整專題：畢業課程,Week31,2017-04-16,2017-04-22,6,1,0
5,cad-bim-shiwu,CAD/BIM實務總整專題：畢業課程,Week32,2017-04-23,2017-04-29,4,0,0
5,cad-bim-shiwu,CAD/BIM實務總整專題：畢業課程,Week33,2017-04-30,2017-05-06,3,0,0
5,cad-bim-shiwu,CAD/BIM實務總整專題：畢業課程,Week34,2017-05-07,2017-05-13,3,0,0
5,cad-bim-shiwu,CAD/BIM實務總整專題：畢業課程,Week35,2017-05-14,2017-05-20,5,0,0
5,cad-bim-shiwu,CAD/BIM實務總整專題：畢業課程,Week36,2017-05-21,2017-05-27,5,4,0
5,cad-bim-shiwu,CAD/BIM實務總整專題：畢業課程,Week37,2017-05-28,2017-06-03,1,1,0
5,cad-bim-shiwu,CAD/BIM實務總整專題：畢業課程,Week38,2017-06-04,2017-06-10,2,0,0
5,cad-bim-shiwu,CAD/BIM實務總整專題：畢業課程,Week39,2017-06-11,2017-06-17,1,0,0
5,cad-bim-shiwu,CAD/BIM實務總整專題：畢業課程,Week40,2017-06-18,2017-06-24,4,2,0
5,cad-bim-shiwu,CAD/BIM實務總整專題：畢業課程,Week41,2017-06-25,2017-07-01,2,0,0
5,cad-bim-shiwu,CAD/BIM實務總整專題：畢業課程,Week42,2017-07-02,2017-07-08,4,0,0
5,cad-bim-shiwu,CAD/BIM實務總整專題：畢業課程,Week43,2017-07-09,2017-07-15,4,0,0
5,cad-bim-shiwu,CAD/BIM實務總整專題：畢業課程,Week44,2017-07-16,2017-07-22,4,0,0
5,cad-bim-shiwu,CAD/BIM實務總整專題：畢業課程,Week45,2017-07-23,2017-07-29,3,0,0
5,cad-bim-shiwu,CAD/BIM實務總整專題：畢業課程,Week46,2017-07-30,2017-08-05,3,0,0
5,cad-bim-shiwu,CAD/BIM實務總整專題：畢業課程,Week47,2017-08-06,2017-08-12,10,1,0
5,cad-bim-shiwu,CAD/BIM實務總整專題：畢業課程,Week48,2017-08-13,2017-08-19,6,1,0
5,cad-bim-shiwu,CAD/BIM實務總整專題：畢業課程,Week49,2017-08-20,2017-08-26,6,2,0
5,cad-bim-shiwu,CAD/BIM實務總整專題：畢業課程,Week50,2017-08-27,2017-09-02,2,1,0
5,cad-bim-shiwu,CAD/BIM實務總整專題：畢業課程,Week51,2017-09-03,2017-09-09,2,0,0
5,cad-bim-shiwu,CAD/BIM實務總整專題：畢業課程,Week52,2017-09-10,2017-09-16,6,1,0
5,cad-bim-shiwu,CAD/BIM實務總整專題：畢業課程,Week53,2017-09-17,2017-09-23,5,0,0
5,cad-bim-shiwu,CAD/BIM實務總整專題：畢業課程,Week54,2017-09-24,2017-09-30,5,1,0
5,cad-bim-shiwu,CAD/BIM實務總整專題：畢業課程,Week55,2017-10-01,2017-10-07,7,1,0
5,cad-bim-shiwu,CAD/BIM實務總整專題：畢業課程,Week56,2017-10-08,2017-10-14,5,0,0
5,cad-bim-shiwu,CAD/BIM實務總整專題：畢業課程,Week57,2017-10-15,2017-10-21,5,0,0
5,cad-bim-shiwu,CAD/BIM實務總整專題：畢業課程,Week58,2017-10-22,2017-10-28,2,0,0
5,cad-bim-shiwu,CAD/BIM實務總整專題：畢業課程,Week59,2017-10-29,2017-11-04,5,0,0
5,cad-bim-shiwu,CAD/BIM實務總整專題：畢業課程,Week60,2017-11-05,2017-11-11,3,0,0
5,cad-bim-shiwu,CAD/BIM實務總整專題：畢業課程,Week61,2017-11-12,2017-11-18,4,0,0
5,cad-bim-shiwu,CAD/BIM實務總整專題：畢業課程,Week62,2017-11-19,2017-11-25,6,1,0
5,cad-bim-shiwu,CAD/BIM實務總整專題：畢業課程,Week63,2017-11-26,2017-12-02,5,0,0
6,shiji,史記（一）（Shi-ji (1) ）,Week1,2017-01-17,2017-01-23,274,6,11
6,shiji,史記（一）（Shi-ji (1) ）,Week2,2017-01-24,2017-01-30,122,2,4
6,shiji,史記（一）（Shi-ji (1) ）,Week3,2017-01-31,2017-02-06,239,4,3
6,shiji,史記（一）（Shi-ji (1) ）,Week4,2017-02-07,2017-02-13,228,4,23
6,shiji,史記（一）（Shi-ji (1) ）,Week5,2017-02-14,2017-02-20,309,5,33
6,shiji,史記（一）（Shi-ji (1) ）,Week6,2017-02-21,2017-02-27,251,3,6
6,shiji,史記（一）（Shi-ji (1) ）,Week7,2017-02-28,2017-03-06,211,1,5
6,shiji,史記（一）（Shi-ji (1) ）,Week8,2017-03-07,2017-03-13,270,2,4
6,shiji,史記（一）（Shi-ji (1) ）,Week9,2017-03-14,2017-03-20,206,3,4
6,shiji,史記（一）（Shi-ji (1) ）,Week10,2017-03-21,2017-03-27,222,2,1
6,shiji,史記（一）（Shi-ji (1) ）,Week11,2017-03-28,2017-04-03,182,3,1
6,shiji,史記（一）（Shi-ji (1) ）,Week12,2017-04-04,2017-04-10,168,4,2
6,shiji,史記（一）（Shi-ji (1) ）,Week13,2017-04-11,2017-04-17,188,1,2
6,shiji,史記（一）（Shi-ji (1) ）,Week14,2017-04-18,2017-04-24,172,1,2
6,shiji,史記（一）（Shi-ji (1) ）,Week15,2017-04-25,2017-05-01,127,2,2
6,shiji,史記（一）（Shi-ji (1) ）,Week16,2017-05-02,2017-05-08,157,0,3
6,shiji,史記（一）（Shi-ji (1) ）,Week17,2017-05-09,2017-05-15,139,2,4
6,shiji,史記（一）（Shi-ji (1) ）,Week18,2017-05-16,2017-05-22,125,0,3
6,shiji,史記（一）（Shi-ji (1) ）,Week19,2017-05-23,2017-05-29,132,1,2
6,shiji,史記（一）（Shi-ji (1) ）,Week20,2017-05-30,2017-06-05,146,0,0
6,shiji,史記（一）（Shi-ji (1) ）,Week21,2017-06-06,2017-06-12,173,2,3
6,shiji,史記（一）（Shi-ji (1) ）,Week22,2017-06-13,2017-06-19,167,0,2
6,shiji,史記（一）（Shi-ji (1) ）,Week23,2017-06-20,2017-06-26,143,1,0
6,shiji,史記（一）（Shi-ji (1) ）,Week24,2017-06-27,2017-07-03,137,2,2
6,shiji,史記（一）（Shi-ji (1) ）,Week25,2017-07-04,2017-07-10,174,3,2
6,shiji,史記（一）（Shi-ji (1) ）,Week26,2017-07-11,2017-07-17,114,0,0
6,shiji,史記（一）（Shi-ji (1) ）,Week27,2017-07-18,2017-07-24,119,1,1
6,shiji,史記（一）（Shi-ji (1) ）,Week28,2017-07-25,2017-07-31,130,0,0
6,shiji,史記（一）（Shi-ji (1) ）,Week29,2017-08-01,2017-08-07,130,1,0
6,shiji,史記（一）（Shi-ji (1) ）,Week30,2017-08-08,2017-08-14,111,0,0
6,shiji,史記（一）（Shi-ji (1) ）,Week31,2017-08-15,2017-08-21,208,0,1
6,shiji,史記（一）（Shi-ji (1) ）,Week32,2017-08-22,2017-08-28,119,0,0
6,shiji,史記（一）（Shi-ji (1) ）,Week33,2017-08-29,2017-09-04,160,0,1
6,shiji,史記（一）（Shi-ji (1) ）,Week34,2017-09-05,2017-09-11,138,0,2
6,shiji,史記（一）（Shi-ji (1) ）,Week35,2017-09-12,2017-09-18,120,2,1
6,shiji,史記（一）（Shi-ji (1) ）,Week36,2017-09-19,2017-09-25,117,1,0
6,shiji,史記（一）（Shi-ji (1) ）,Week37,2017-09-26,2017-10-02,115,1,0
6,shiji,史記（一）（Shi-ji (1) ）,Week38,2017-10-03,2017-10-09,136,0,0
6,shiji,史記（一）（Shi-ji (1) ）,Week39,2017-10-10,2017-10-16,122,0,0
6,shiji,史記（一）（Shi-ji (1) ）,Week40,2017-10-17,2017-10-23,102,0,0
6,shiji,史記（一）（Shi-ji (1) ）,Week41,2017-10-24,2017-10-30,93,1,0
6,shiji,史記（一）（Shi-ji (1) ）,Week42,2017-10-31,2017-11-06,122,0,0
6,shiji,史記（一）（Shi-ji (1) ）,Week43,2017-11-07,2017-11-13,104,1,0
6,shiji,史記（一）（Shi-ji (1) ）,Week44,2017-11-14,2017-11-20,101,0,0
6,shiji,史記（一）（Shi-ji (1) ）,Week45,2017-11-21,2017-11-27,123,0,0
6,shiji,史記（一）（Shi-ji (1) ）,Week46,2017-11-28,2017-12-04,83,1,0
7,tang-poems,唐詩新思路,Week1,2016-08-11,2016-08-17,382,8,25
7,tang-poems,唐詩新思路,Week2,2016-08-18,2016-08-24,122,2,9
7,tang-poems,唐詩新思路,Week3,2016-08-25,2016-08-31,115,9,18
7,tang-poems,唐詩新思路,Week4,2016-09-01,2016-09-07,137,10,10
7,tang-poems,唐詩新思路,Week5,2016-09-08,2016-09-14,404,12,22
7,tang-poems,唐詩新思路,Week6,2016-09-15,2016-09-21,249,3,17
7,tang-poems,唐詩新思路,Week7,2016-09-22,2016-09-28,209,1,10
7,tang-poems,唐詩新思路,Week8,2016-09-29,2016-10-05,147,2,4
7,tang-poems,唐詩新思路,Week9,2016-10-06,2016-10-12,114,1,5
7,tang-poems,唐詩新思路,Week10,2016-10-13,2016-10-19,112,0,4
7,tang-poems,唐詩新思路,Week11,2016-10-20,2016-10-26,86,0,3
7,tang-poems,唐詩新思路,Week12,2016-10-27,2016-11-02,86,1,3
7,tang-poems,唐詩新思路,Week13,2016-11-03,2016-11-09,90,0,2
7,tang-poems,唐詩新思路,Week14,2016-11-10,2016-11-16,77,0,3
7,tang-poems,唐詩新思路,Week15,2016-11-17,2016-11-23,75,0,3
7,tang-poems,唐詩新思路,Week16,2016-11-24,2016-11-30,86,0,3
7,tang-poems,唐詩新思路,Week17,2016-12-01,2016-12-07,79,1,6
7,tang-poems,唐詩新思路,Week18,2016-12-08,2016-12-14,85,0,3
7,tang-poems,唐詩新思路,Week19,2016-12-15,2016-12-21,56,0,2
7,tang-poems,唐詩新思路,Week20,2016-12-22,2016-12-28,85,1,7
7,tang-poems,唐詩新思路,Week21,2016-12-29,2017-01-04,81,0,3
7,tang-poems,唐詩新思路,Week22,2017-01-05,2017-01-11,77,0,4
7,tang-poems,唐詩新思路,Week23,2017-01-12,2017-01-18,64,1,3
7,tang-poems,唐詩新思路,Week24,2017-01-19,2017-01-25,70,2,3
7,tang-poems,唐詩新思路,Week25,2017-01-26,2017-02-01,68,3,6
7,tang-poems,唐詩新思路,Week26,2017-02-02,2017-02-08,104,1,4
7,tang-poems,唐詩新思路,Week27,2017-02-09,2017-02-15,107,1,5
7,tang-poems,唐詩新思路,Week28,2017-02-16,2017-02-22,95,0,3
7,tang-poems,唐詩新思路,Week29,2017-02-23,2017-03-01,112,1,5
7,tang-poems,唐詩新思路,Week30,2017-03-02,2017-03-08,101,1,7
7,tang-poems,唐詩新思路,Week31,2017-03-09,2017-03-15,89,3,3
7,tang-poems,唐詩新思路,Week32,2017-03-16,2017-03-22,69,0,5
7,tang-poems,唐詩新思路,Week33,2017-03-23,2017-03-29,80,1,1
7,tang-poems,唐詩新思路,Week34,2017-03-30,2017-04-05,77,1,3
7,tang-poems,唐詩新思路,Week35,2017-04-06,2017-04-12,71,0,0
7,tang-poems,唐詩新思路,Week36,2017-04-13,2017-04-19,71,0,0
7,tang-poems,唐詩新思路,Week37,2017-04-20,2017-04-26,72,0,1
7,tang-poems,唐詩新思路,Week38,2017-04-27,2017-05-03,57,0,0
7,tang-poems,唐詩新思路,Week39,2017-05-04,2017-05-10,76,0,0
7,tang-poems,唐詩新思路,Week40,2017-05-11,2017-05-17,71,2,2
7,tang-poems,唐詩新思路,Week41,2017-05-18,2017-05-24,71,0,2
7,tang-poems,唐詩新思路,Week42,2017-05-25,2017-05-31,63,0,5
7,tang-poems,唐詩新思路,Week43,2017-06-01,2017-06-07,52,0,1
7,tang-poems,唐詩新思路,Week44,2017-06-08,2017-06-14,71,0,2
7,tang-poems,唐詩新思路,Week45,2017-06-15,2017-06-21,69,0,3
7,tang-poems,唐詩新思路,Week46,2017-06-22,2017-06-28,68,1,0
7,tang-poems,唐詩新思路,Week47,2017-06-29,2017-07-05,53,0,1
7,tang-poems,唐詩新思路,Week48,2017-07-06,2017-07-12,74,0,1
7,tang-poems,唐詩新思路,Week49,2017-07-13,2017-07-19,57,1,1
7,tang-poems,唐詩新思路,Week50,2017-07-20,2017-07-26,67,0,0
7,tang-poems,唐詩新思路,Week51,2017-07-27,2017-08-02,51,0,1
7,tang-poems,唐詩新思路,Week52,2017-08-03,2017-08-09,59,0,4
7,tang-poems,唐詩新思路,Week53,2017-08-10,2017-08-16,61,1,1
7,tang-poems,唐詩新思路,Week54,2017-08-17,2017-08-23,45,0,2
7,tang-poems,唐詩新思路,Week55,2017-08-24,2017-08-30,49,0,2
7,tang-poems,唐詩新思路,Week56,2017-08-31,2017-09-06,49,0,2
7,tang-poems,唐詩新思路,Week57,2017-09-07,2017-09-13,59,0,3
7,tang-poems,唐詩新思路,Week58,2017-09-14,2017-09-20,45,1,1
7,tang-poems,唐詩新思路,Week59,2017-09-21,2017-09-27,29,0,1
7,tang-poems,唐詩新思路,Week60,2017-09-28,2017-10-04,37,0,2
7,tang-poems,唐詩新思路,Week61,2017-10-05,2017-10-11,35,0,1
7,tang-poems,唐詩新思路,Week62,2017-10-12,2017-10-18,44,0,3
7,tang-poems,唐詩新思路,Week63,2017-10-19,2017-10-25,38,0,0
7,tang-poems,唐詩新思路,Week64,2017-10-26,2017-11-01,33,0,2
7,tang-poems,唐詩新思路,Week65,2017-11-02,2017-11-08,38,1,0
7,tang-poems,唐詩新思路,Week66,2017-11-09,2017-11-15,41,0,0
7,tang-poems,唐詩新思路,Week67,2017-11-16,2017-11-22,28,0,0
7,tang-poems,唐詩新思路,Week68,2017-11-23,2017-11-29,32,0,0
7,tang-poems,唐詩新思路,Week69,2017-11-30,2017-12-06,10,0,0
8,ji-chu-guang-xue,基礎光學 I,Week1,2016-03-09,2016-03-15,22,0,0
8,ji-chu-guang-xue,基礎光學 I,Week2,2016-03-16,2016-03-22,20,0,0
8,ji-chu-guang-xue,基礎光學 I,Week3,2016-03-23,2016-03-29,22,0,0
8,ji-chu-guang-xue,基礎光學 I,Week4,2016-03-30,2016-04-05,36,0,1
8,ji-chu-guang-xue,基礎光學 I,Week5,2016-04-06,2016-04-12,25,0,1
8,ji-chu-guang-xue,基礎光學 I,Week6,2016-04-13,2016-04-19,14,1,0
8,ji-chu-guang-xue,基礎光學 I,Week7,2016-04-20,2016-04-26,6,0,0
8,ji-chu-guang-xue,基礎光學 I,Week8,2016-04-27,2016-05-03,15,0,0
8,ji-chu-guang-xue,基礎光學 I,Week9,2016-05-04,2016-05-10,29,0,0
8,ji-chu-guang-xue,基礎光學 I,Week10,2016-05-11,2016-05-17,22,0,0
8,ji-chu-guang-xue,基礎光學 I,Week11,2016-05-18,2016-05-24,35,0,0
8,ji-chu-guang-xue,基礎光學 I,Week12,2016-05-25,2016-05-31,18,0,0
8,ji-chu-guang-xue,基礎光學 I,Week13,2016-06-01,2016-06-07,36,1,0
8,ji-chu-guang-xue,基礎光學 I,Week14,2016-06-08,2016-06-14,32,0,0
8,ji-chu-guang-xue,基礎光學 I,Week15,2016-06-15,2016-06-21,33,1,1
8,ji-chu-guang-xue,基礎光學 I,Week16,2016-06-22,2016-06-28,31,0,0
8,ji-chu-guang-xue,基礎光學 I,Week17,2016-06-29,2016-07-05,60,0,0
8,ji-chu-guang-xue,基礎光學 I,Week18,2016-07-06,2016-07-12,29,0,0
8,ji-chu-guang-xue,基礎光學 I,Week19,2016-07-13,2016-07-19,34,0,0
8,ji-chu-guang-xue,基礎光學 I,Week20,2016-07-20,2016-07-26,24,0,0
8,ji-chu-guang-xue,基礎光學 I,Week21,2016-07-27,2016-08-02,31,0,0
8,ji-chu-guang-xue,基礎光學 I,Week22,2016-08-03,2016-08-09,19,0,0
8,ji-chu-guang-xue,基礎光學 I,Week23,2016-08-10,2016-08-16,34,0,0
8,ji-chu-guang-xue,基礎光學 I,Week24,2016-08-17,2016-08-23,21,0,0
8,ji-chu-guang-xue,基礎光學 I,Week25,2016-08-24,2016-08-30,35,0,0
8,ji-chu-guang-xue,基礎光學 I,Week26,2016-08-31,2016-09-06,36,0,0
8,ji-chu-guang-xue,基礎光學 I,Week27,2016-09-07,2016-09-13,16,0,0
8,ji-chu-guang-xue,基礎光學 I,Week28,2016-09-14,2016-09-20,20,0,0
8,ji-chu-guang-xue,基礎光學 I,Week29,2016-09-21,2016-09-27,31,0,0
8,ji-chu-guang-xue,基礎光學 I,Week30,2016-09-28,2016-10-04,22,0,0
8,ji-chu-guang-xue,基礎光學 I,Week31,2016-10-05,2016-10-11,33,0,0
8,ji-chu-guang-xue,基礎光學 I,Week32,2016-10-12,2016-10-18,37,0,0
8,ji-chu-guang-xue,基礎光學 I,Week33,2016-10-19,2016-10-25,18,0,0
8,ji-chu-guang-xue,基礎光學 I,Week34,2016-10-26,2016-11-01,33,0,0
8,ji-chu-guang-xue,基礎光學 I,Week35,2016-11-02,2016-11-08,30,0,0
8,ji-chu-guang-xue,基礎光學 I,Week36,2016-11-09,2016-11-15,22,0,0
8,ji-chu-guang-xue,基礎光學 I,Week37,2016-11-16,2016-11-22,15,0,0
8,ji-chu-guang-xue,基礎光學 I,Week38,2016-11-23,2016-11-29,25,0,0
8,ji-chu-guang-xue,基礎光學 I,Week39,2016-11-30,2016-12-06,21,0,0
8,ji-chu-guang-xue,基礎光學 I,Week40,2016-12-07,2016-12-13,23,0,0
8,ji-chu-guang-xue,基礎光學 I,Week41,2016-12-14,2016-12-20,24,0,0
8,ji-chu-guang-xue,基礎光學 I,Week42,2016-12-21,2016-12-27,27,0,0
8,ji-chu-guang-xue,基礎光學 I,Week43,2016-12-28,2017-01-03,25,0,0
8,ji-chu-guang-xue,基礎光學 I,Week44,2017-01-04,2017-01-10,20,0,0
8,ji-chu-guang-xue,基礎光學 I,Week45,2017-01-11,2017-01-17,3561,15,16
8,ji-chu-guang-xue,基礎光學 I,Week46,2017-01-18,2017-01-24,16,0,0
8,ji-chu-guang-xue,基礎光學 I,Week47,2017-01-25,2017-01-31,11,0,0
8,ji-chu-guang-xue,基礎光學 I,Week48,2017-02-01,2017-02-07,29,1,0
8,ji-chu-guang-xue,基礎光學 I,Week49,2017-02-08,2017-02-14,30,0,0
8,ji-chu-guang-xue,基礎光學 I,Week50,2017-02-15,2017-02-21,26,0,0
8,ji-chu-guang-xue,基礎光學 I,Week51,2017-02-22,2017-02-28,20,0,0
8,ji-chu-guang-xue,基礎光學 I,Week52,2017-03-01,2017-03-07,19,0,0
8,ji-chu-guang-xue,基礎光學 I,Week53,2017-03-08,2017-03-14,16,0,0
8,ji-chu-guang-xue,基礎光學 I,Week54,2017-03-15,2017-03-21,20,0,0
8,ji-chu-guang-xue,基礎光學 I,Week55,2017-03-22,2017-03-28,23,0,0
8,ji-chu-guang-xue,基礎光學 I,Week56,2017-03-29,2017-04-04,15,0,0
8,ji-chu-guang-xue,基礎光學 I,Week57,2017-04-05,2017-04-11,20,0,0
8,ji-chu-guang-xue,基礎光學 I,Week58,2017-04-12,2017-04-18,17,0,0
8,ji-chu-guang-xue,基礎光學 I,Week59,2017-04-19,2017-04-25,17,0,0
8,ji-chu-guang-xue,基礎光學 I,Week60,2017-04-26,2017-05-02,13,0,0
8,ji-chu-guang-xue,基礎光學 I,Week61,2017-05-03,2017-05-09,15,0,0
8,ji-chu-guang-xue,基礎光學 I,Week62,2017-05-10,2017-05-16,10,0,0
8,ji-chu-guang-xue,基礎光學 I,Week63,2017-05-17,2017-05-23,15,0,0
8,ji-chu-guang-xue,基礎光學 I,Week64,2017-05-24,2017-05-30,14,0,0
8,ji-chu-guang-xue,基礎光學 I,Week65,2017-05-31,2017-06-06,19,0,0
8,ji-chu-guang-xue,基礎光學 I,Week66,2017-06-07,2017-06-13,20,0,0
8,ji-chu-guang-xue,基礎光學 I,Week67,2017-06-14,2017-06-20,18,0,0
8,ji-chu-guang-xue,基礎光學 I,Week68,2017-06-21,2017-06-27,21,0,0
8,ji-chu-guang-xue,基礎光學 I,Week69,2017-06-28,2017-07-04,16,0,0
8,ji-chu-guang-xue,基礎光學 I,Week70,2017-07-05,2017-07-11,28,0,0
8,ji-chu-guang-xue,基礎光學 I,Week71,2017-07-12,2017-07-18,23,0,0
8,ji-chu-guang-xue,基礎光學 I,Week72,2017-07-19,2017-07-25,18,0,0
8,ji-chu-guang-xue,基礎光學 I,Week73,2017-07-26,2017-08-01,19,2,0
8,ji-chu-guang-xue,基礎光學 I,Week74,2017-08-02,2017-08-08,16,0,0
8,ji-chu-guang-xue,基礎光學 I,Week75,2017-08-09,2017-08-15,16,0,0
8,ji-chu-guang-xue,基礎光學 I,Week76,2017-08-16,2017-08-22,14,0,0
8,ji-chu-guang-xue,基礎光學 I,Week77,2017-08-23,2017-08-29,24,1,0
8,ji-chu-guang-xue,基礎光學 I,Week78,2017-08-30,2017-09-05,14,0,0
8,ji-chu-guang-xue,基礎光學 I,Week79,2017-09-06,2017-09-12,22,0,0
8,ji-chu-guang-xue,基礎光學 I,Week80,2017-09-13,2017-09-19,24,0,0
8,ji-chu-guang-xue,基礎光學 I,Week81,2017-09-20,2017-09-26,15,0,0
8,ji-chu-guang-xue,基礎光學 I,Week82,2017-09-27,2017-10-03,14,0,0
8,ji-chu-guang-xue,基礎光學 I,Week83,2017-10-04,2017-10-10,22,0,0
8,ji-chu-guang-xue,基礎光學 I,Week84,2017-10-11,2017-10-17,9,0,0
8,ji-chu-guang-xue,基礎光學 I,Week85,2017-10-18,2017-10-24,14,0,0
8,ji-chu-guang-xue,基礎光學 I,Week86,2017-10-25,2017-10-31,15,0,0
8,ji-chu-guang-xue,基礎光學 I,Week87,2017-11-01,2017-11-07,11,0,0
8,ji-chu-guang-xue,基礎光學 I,Week88,2017-11-08,2017-11-14,19,0,0
8,ji-chu-guang-xue,基礎光學 I,Week89,2017-11-15,2017-11-21,13,0,0
8,ji-chu-guang-xue,基礎光學 I,Week90,2017-11-22,2017-11-28,10,0,0
8,ji-chu-guang-xue,基礎光學 I,Week91,2017-11-29,2017-12-05,2,0,0
9,shiyan-jingji-xue,實驗經濟學 (Experimental Economics I: Behavioral Game Theory),Week1,2016-03-17,2016-03-23,90,0,0
9,shiyan-jingji-xue,實驗經濟學 (Experimental Economics I: Behavioral Game Theory),Week2,2016-03-24,2016-03-30,188,4,0
9,shiyan-jingji-xue,實驗經濟學 (Experimental Economics I: Behavioral Game Theory),Week3,2016-03-31,2016-04-06,97,0,0
9,shiyan-jingji-xue,實驗經濟學 (Experimental Economics I: Behavioral Game Theory),Week4,2016-04-07,2016-04-13,63,0,0
9,shiyan-jingji-xue,實驗經濟學 (Experimental Economics I: Behavioral Game Theory),Week5,2016-04-14,2016-04-20,59,0,0
9,shiyan-jingji-xue,實驗經濟學 (Experimental Economics I: Behavioral Game Theory),Week6,2016-04-21,2016-04-27,59,0,1
9,shiyan-jingji-xue,實驗經濟學 (Experimental Economics I: Behavioral Game Theory),Week7,2016-04-28,2016-05-04,37,0,0
9,shiyan-jingji-xue,實驗經濟學 (Experimental Economics I: Behavioral Game Theory),Week8,2016-05-05,2016-05-11,49,0,0
9,shiyan-jingji-xue,實驗經濟學 (Experimental Economics I: Behavioral Game Theory),Week9,2016-05-12,2016-05-18,28,0,0
9,shiyan-jingji-xue,實驗經濟學 (Experimental Economics I: Behavioral Game Theory),Week10,2016-05-19,2016-05-25,39,1,0
9,shiyan-jingji-xue,實驗經濟學 (Experimental Economics I: Behavioral Game Theory),Week11,2016-05-26,2016-06-01,41,0,0
9,shiyan-jingji-xue,實驗經濟學 (Experimental Economics I: Behavioral Game Theory),Week12,2016-06-02,2016-06-08,35,0,0
9,shiyan-jingji-xue,實驗經濟學 (Experimental Economics I: Behavioral Game Theory),Week13,2016-06-09,2016-06-15,57,0,1
9,shiyan-jingji-xue,實驗經濟學 (Experimental Economics I: Behavioral Game Theory),Week14,2016-06-16,2016-06-22,58,1,0
9,shiyan-jingji-xue,實驗經濟學 (Experimental Economics I: Behavioral Game Theory),Week15,2016-06-23,2016-06-29,77,0,0
9,shiyan-jingji-xue,實驗經濟學 (Experimental Economics I: Behavioral Game Theory),Week16,2016-06-30,2016-07-06,84,0,1
9,shiyan-jingji-xue,實驗經濟學 (Experimental Economics I: Behavioral Game Theory),Week17,2016-07-07,2016-07-13,57,0,0
9,shiyan-jingji-xue,實驗經濟學 (Experimental Economics I: Behavioral Game Theory),Week18,2016-07-14,2016-07-20,73,0,0
9,shiyan-jingji-xue,實驗經濟學 (Experimental Economics I: Behavioral Game Theory),Week19,2016-07-21,2016-07-27,53,0,0
9,shiyan-jingji-xue,實驗經濟學 (Experimental Economics I: Behavioral Game Theory),Week20,2016-07-28,2016-08-03,43,0,0
9,shiyan-jingji-xue,實驗經濟學 (Experimental Economics I: Behavioral Game Theory),Week21,2016-08-04,2016-08-10,26,0,0
9,shiyan-jingji-xue,實驗經濟學 (Experimental Economics I: Behavioral Game Theory),Week22,2016-08-11,2016-08-17,42,0,1
9,shiyan-jingji-xue,實驗經濟學 (Experimental Economics I: Behavioral Game Theory),Week23,2016-08-18,2016-08-24,47,1,0
9,shiyan-jingji-xue,實驗經濟學 (Experimental Economics I: Behavioral Game Theory),Week24,2016-08-25,2016-08-31,41,0,0
9,shiyan-jingji-xue,實驗經濟學 (Experimental Economics I: Behavioral Game Theory),Week25,2016-09-01,2016-09-07,42,0,0
9,shiyan-jingji-xue,實驗經濟學 (Experimental Economics I: Behavioral Game Theory),Week26,2016-09-08,2016-09-14,43,1,1
9,shiyan-jingji-xue,實驗經濟學 (Experimental Economics I: Behavioral Game Theory),Week27,2016-09-15,2016-09-21,43,0,0
9,shiyan-jingji-xue,實驗經濟學 (Experimental Economics I: Behavioral Game Theory),Week28,2016-09-22,2016-09-28,42,0,1
9,shiyan-jingji-xue,實驗經濟學 (Experimental Economics I: Behavioral Game Theory),Week29,2016-09-29,2016-10-05,38,0,0
9,shiyan-jingji-xue,實驗經濟學 (Experimental Economics I: Behavioral Game Theory),Week30,2016-10-06,2016-10-12,46,0,0
9,shiyan-jingji-xue,實驗經濟學 (Experimental Economics I: Behavioral Game Theory),Week31,2016-10-13,2016-10-19,34,0,0
9,shiyan-jingji-xue,實驗經濟學 (Experimental Economics I: Behavioral Game Theory),Week32,2016-10-20,2016-10-26,24,0,0
9,shiyan-jingji-xue,實驗經濟學 (Experimental Economics I: Behavioral Game Theory),Week33,2016-10-27,2016-11-02,35,0,0
9,shiyan-jingji-xue,實驗經濟學 (Experimental Economics I: Behavioral Game Theory),Week34,2016-11-03,2016-11-09,25,1,1
9,shiyan-jingji-xue,實驗經濟學 (Experimental Economics I: Behavioral Game Theory),Week35,2016-11-10,2016-11-16,32,0,0
9,shiyan-jingji-xue,實驗經濟學 (Experimental Economics I: Behavioral Game Theory),Week36,2016-11-17,2016-11-23,50,0,0
9,shiyan-jingji-xue,實驗經濟學 (Experimental Economics I: Behavioral Game Theory),Week37,2016-11-24,2016-11-30,29,0,0
9,shiyan-jingji-xue,實驗經濟學 (Experimental Economics I: Behavioral Game Theory),Week38,2016-12-01,2016-12-07,35,0,0
9,shiyan-jingji-xue,實驗經濟學 (Experimental Economics I: Behavioral Game Theory),Week39,2016-12-08,2016-12-14,56,1,1
9,shiyan-jingji-xue,實驗經濟學 (Experimental Economics I: Behavioral Game Theory),Week40,2016-12-15,2016-12-21,22,0,0
9,shiyan-jingji-xue,實驗經濟學 (Experimental Economics I: Behavioral Game Theory),Week41,2016-12-22,2016-12-28,33,0,0
9,shiyan-jingji-xue,實驗經濟學 (Experimental Economics I: Behavioral Game Theory),Week42,2016-12-29,2017-01-04,34,0,0
9,shiyan-jingji-xue,實驗經濟學 (Experimental Economics I: Behavioral Game Theory),Week43,2017-01-05,2017-01-11,29,0,0
9,shiyan-jingji-xue,實驗經濟學 (Experimental Economics I: Behavioral Game Theory),Week44,2017-01-12,2017-01-18,35,0,0
9,shiyan-jingji-xue,實驗經濟學 (Experimental Economics I: Behavioral Game Theory),Week45,2017-01-19,2017-01-25,36,1,0
9,shiyan-jingji-xue,實驗經濟學 (Experimental Economics I: Behavioral Game Theory),Week46,2017-01-26,2017-02-01,29,1,0
9,shiyan-jingji-xue,實驗經濟學 (Experimental Economics I: Behavioral Game Theory),Week47,2017-02-02,2017-02-08,40,0,0
9,shiyan-jingji-xue,實驗經濟學 (Experimental Economics I: Behavioral Game Theory),Week48,2017-02-09,2017-02-15,31,0,0
9,shiyan-jingji-xue,實驗經濟學 (Experimental Economics I: Behavioral Game Theory),Week49,2017-02-16,2017-02-22,32,0,0
9,shiyan-jingji-xue,實驗經濟學 (Experimental Economics I: Behavioral Game Theory),Week50,2017-02-23,2017-03-01,28,0,0
9,shiyan-jingji-xue,實驗經濟學 (Experimental Economics I: Behavioral Game Theory),Week51,2017-03-02,2017-03-08,35,0,0
9,shiyan-jingji-xue,實驗經濟學 (Experimental Economics I: Behavioral Game Theory),Week52,2017-03-09,2017-03-15,30,0,0
9,shiyan-jingji-xue,實驗經濟學 (Experimental Economics I: Behavioral Game Theory),Week53,2017-03-16,2017-03-22,44,0,0
9,shiyan-jingji-xue,實驗經濟學 (Experimental Economics I: Behavioral Game Theory),Week54,2017-03-23,2017-03-29,27,0,0
9,shiyan-jingji-xue,實驗經濟學 (Experimental Economics I: Behavioral Game Theory),Week55,2017-03-30,2017-04-05,31,0,0
9,shiyan-jingji-xue,實驗經濟學 (Experimental Economics I: Behavioral Game Theory),Week56,2017-04-06,2017-04-12,23,0,0
9,shiyan-jingji-xue,實驗經濟學 (Experimental Economics I: Behavioral Game Theory),Week57,2017-04-13,2017-04-19,23,0,0
9,shiyan-jingji-xue,實驗經濟學 (Experimental Economics I: Behavioral Game Theory),Week58,2017-04-20,2017-04-26,22,0,1
9,shiyan-jingji-xue,實驗經濟學 (Experimental Economics I: Behavioral Game Theory),Week59,2017-04-27,2017-05-03,15,0,0
9,shiyan-jingji-xue,實驗經濟學 (Experimental Economics I: Behavioral Game Theory),Week60,2017-05-04,2017-05-10,21,0,0
9,shiyan-jingji-xue,實驗經濟學 (Experimental Economics I: Behavioral Game Theory),Week61,2017-05-11,2017-05-17,19,1,1
9,shiyan-jingji-xue,實驗經濟學 (Experimental Economics I: Behavioral Game Theory),Week62,2017-05-18,2017-05-24,28,0,0
9,shiyan-jingji-xue,實驗經濟學 (Experimental Economics I: Behavioral Game Theory),Week63,2017-05-25,2017-05-31,19,0,0
9,shiyan-jingji-xue,實驗經濟學 (Experimental Economics I: Behavioral Game Theory),Week64,2017-06-01,2017-06-07,17,0,0
9,shiyan-jingji-xue,實驗經濟學 (Experimental Economics I: Behavioral Game Theory),Week65,2017-06-08,2017-06-14,24,0,0
9,shiyan-jingji-xue,實驗經濟學 (Experimental Economics I: Behavioral Game Theory),Week66,2017-06-15,2017-06-21,21,1,1
9,shiyan-jingji-xue,實驗經濟學 (Experimental Economics I: Behavioral Game Theory),Week67,2017-06-22,2017-06-28,22,0,0
9,shiyan-jingji-xue,實驗經濟學 (Experimental Economics I: Behavioral Game Theory),Week68,2017-06-29,2017-07-05,18,0,0
9,shiyan-jingji-xue,實驗經濟學 (Experimental Economics I: Behavioral Game Theory),Week69,2017-07-06,2017-07-12,25,0,0
9,shiyan-jingji-xue,實驗經濟學 (Experimental Economics I: Behavioral Game Theory),Week70,2017-07-13,2017-07-19,43,0,0
9,shiyan-jingji-xue,實驗經濟學 (Experimental Economics I: Behavioral Game Theory),Week71,2017-07-20,2017-07-26,36,0,0
9,shiyan-jingji-xue,實驗經濟學 (Experimental Economics I: Behavioral Game Theory),Week72,2017-07-27,2017-08-02,16,0,0
9,shiyan-jingji-xue,實驗經濟學 (Experimental Economics I: Behavioral Game Theory),Week73,2017-08-03,2017-08-09,17,0,0
9,shiyan-jingji-xue,實驗經濟學 (Experimental Economics I: Behavioral Game Theory),Week74,2017-08-10,2017-08-16,17,0,0
9,shiyan-jingji-xue,實驗經濟學 (Experimental Economics I: Behavioral Game Theory),Week75,2017-08-17,2017-08-23,15,0,0
9,shiyan-jingji-xue,實驗經濟學 (Experimental Economics I: Behavioral Game Theory),Week76,2017-08-24,2017-08-30,12,0,0
9,shiyan-jingji-xue,實驗經濟學 (Experimental Economics I: Behavioral Game Theory),Week77,2017-08-31,2017-09-06,14,0,0
9,shiyan-jingji-xue,實驗經濟學 (Experimental Economics I: Behavioral Game Theory),Week78,2017-09-07,2017-09-13,16,0,0
9,shiyan-jingji-xue,實驗經濟學 (Experimental Economics I: Behavioral Game Theory),Week79,2017-09-14,2017-09-20,21,0,0
9,shiyan-jingji-xue,實驗經濟學 (Experimental Economics I: Behavioral Game Theory),Week80,2017-09-21,2017-09-27,10,0,0
9,shiyan-jingji-xue,實驗經濟學 (Experimental Economics I: Behavioral Game Theory),Week81,2017-09-28,2017-10-04,20,0,0
9,shiyan-jingji-xue,實驗經濟學 (Experimental Economics I: Behavioral Game Theory),Week82,2017-10-05,2017-10-11,13,0,0
9,shiyan-jingji-xue,實驗經濟學 (Experimental Economics I: Behavioral Game Theory),Week83,2017-10-12,2017-10-18,17,0,0
9,shiyan-jingji-xue,實驗經濟學 (Experimental Economics I: Behavioral Game Theory),Week84,2017-10-19,2017-10-25,21,1,0
9,shiyan-jingji-xue,實驗經濟學 (Experimental Economics I: Behavioral Game Theory),Week85,2017-10-26,2017-11-01,17,1,0
9,shiyan-jingji-xue,實驗經濟學 (Experimental Economics I: Behavioral Game Theory),Week86,2017-11-02,2017-11-08,13,0,0
9,shiyan-jingji-xue,實驗經濟學 (Experimental Economics I: Behavioral Game Theory),Week87,2017-11-09,2017-11-15,17,0,0
9,shiyan-jingji-xue,實驗經濟學 (Experimental Economics I: Behavioral Game Theory),Week88,2017-11-16,2017-11-22,22,1,0
9,shiyan-jingji-xue,實驗經濟學 (Experimental Economics I: Behavioral Game Theory),Week89,2017-11-23,2017-11-29,18,0,0
9,shiyan-jingji-xue,實驗經濟學 (Experimental Economics I: Behavioral Game Theory),Week90,2017-11-30,2017-12-06,10,0,0
10,shaonian-fuli,少年福利與權利 (Welfare and Rights of Youth),Week1,2015-10-16,2015-10-22,26,0,0
10,shaonian-fuli,少年福利與權利 (Welfare and Rights of Youth),Week2,2015-10-23,2015-10-29,23,0,0
10,shaonian-fuli,少年福利與權利 (Welfare and Rights of Youth),Week3,2015-10-30,2015-11-05,19,0,0
10,shaonian-fuli,少年福利與權利 (Welfare and Rights of Youth),Week4,2015-11-06,2015-11-12,40,2,0
10,shaonian-fuli,少年福利與權利 (Welfare and Rights of Youth),Week5,2015-11-13,2015-11-19,0,0,0
10,shaonian-fuli,少年福利與權利 (Welfare and Rights of Youth),Week6,2015-11-20,2015-11-26,0,0,0
10,shaonian-fuli,少年福利與權利 (Welfare and Rights of Youth),Week7,2015-11-27,2015-12-03,0,0,0
10,shaonian-fuli,少年福利與權利 (Welfare and Rights of Youth),Week8,2015-12-04,2015-12-10,0,0,0
10,shaonian-fuli,少年福利與權利 (Welfare and Rights of Youth),Week9,2015-12-11,2015-12-17,0,0,0
10,shaonian-fuli,少年福利與權利 (Welfare and Rights of Youth),Week10,2015-12-18,2015-12-24,0,0,0
10,shaonian-fuli,少年福利與權利 (Welfare and Rights of Youth),Week11,2015-12-25,2015-12-31,11,0,0
10,shaonian-fuli,少年福利與權利 (Welfare and Rights of Youth),Week12,2016-01-01,2016-01-07,57,0,0
10,shaonian-fuli,少年福利與權利 (Welfare and Rights of Youth),Week13,2016-01-08,2016-01-14,19,0,0
10,shaonian-fuli,少年福利與權利 (Welfare and Rights of Youth),Week14,2016-01-15,2016-01-21,13,0,1
10,shaonian-fuli,少年福利與權利 (Welfare and Rights of Youth),Week15,2016-01-22,2016-01-28,22,1,0
10,shaonian-fuli,少年福利與權利 (Welfare and Rights of Youth),Week16,2016-01-29,2016-02-04,32,0,1
10,shaonian-fuli,少年福利與權利 (Welfare and Rights of Youth),Week17,2016-02-05,2016-02-11,27,0,2
10,shaonian-fuli,少年福利與權利 (Welfare and Rights of Youth),Week18,2016-02-12,2016-02-18,46,0,0
10,shaonian-fuli,少年福利與權利 (Welfare and Rights of Youth),Week19,2016-02-19,2016-02-25,47,1,0
10,shaonian-fuli,少年福利與權利 (Welfare and Rights of Youth),Week20,2016-02-26,2016-03-03,42,3,2
10,shaonian-fuli,少年福利與權利 (Welfare and Rights of Youth),Week21,2016-03-04,2016-03-10,17,0,0
10,shaonian-fuli,少年福利與權利 (Welfare and Rights of Youth),Week22,2016-03-11,2016-03-17,11,0,0
10,shaonian-fuli,少年福利與權利 (Welfare and Rights of Youth),Week23,2016-03-18,2016-03-24,10,1,0
10,shaonian-fuli,少年福利與權利 (Welfare and Rights of Youth),Week24,2016-03-25,2016-03-31,30,1,1
10,shaonian-fuli,少年福利與權利 (Welfare and Rights of Youth),Week25,2016-04-01,2016-04-07,17,0,0
10,shaonian-fuli,少年福利與權利 (Welfare and Rights of Youth),Week26,2016-04-08,2016-04-14,19,1,1
10,shaonian-fuli,少年福利與權利 (Welfare and Rights of Youth),Week27,2016-04-15,2016-04-21,21,1,0
10,shaonian-fuli,少年福利與權利 (Welfare and Rights of Youth),Week28,2016-04-22,2016-04-28,9,0,0
10,shaonian-fuli,少年福利與權利 (Welfare and Rights of Youth),Week29,2016-04-29,2016-05-05,8,0,0
10,shaonian-fuli,少年福利與權利 (Welfare and Rights of Youth),Week30,2016-05-06,2016-05-12,7,0,0
10,shaonian-fuli,少年福利與權利 (Welfare and Rights of Youth),Week31,2016-05-13,2016-05-19,10,0,0
10,shaonian-fuli,少年福利與權利 (Welfare and Rights of Youth),Week32,2016-05-20,2016-05-26,11,1,0
10,shaonian-fuli,少年福利與權利 (Welfare and Rights of Youth),Week33,2016-05-27,2016-06-02,12,0,0
10,shaonian-fuli,少年福利與權利 (Welfare and Rights of Youth),Week34,2016-06-03,2016-06-09,11,0,0
10,shaonian-fuli,少年福利與權利 (Welfare and Rights of Youth),Week35,2016-06-10,2016-06-16,10,0,0
10,shaonian-fuli,少年福利與權利 (Welfare and Rights of Youth),Week36,2016-06-17,2016-06-23,15,0,0
10,shaonian-fuli,少年福利與權利 (Welfare and Rights of Youth),Week37,2016-06-24,2016-06-30,20,0,0
10,shaonian-fuli,少年福利與權利 (Welfare and Rights of Youth),Week38,2016-07-01,2016-07-07,28,0,0
10,shaonian-fuli,少年福利與權利 (Welfare and Rights of Youth),Week39,2016-07-08,2016-07-14,16,0,0
10,shaonian-fuli,少年福利與權利 (Welfare and Rights of Youth),Week40,2016-07-15,2016-07-21,10,0,0
10,shaonian-fuli,少年福利與權利 (Welfare and Rights of Youth),Week41,2016-07-22,2016-07-28,14,0,0
10,shaonian-fuli,少年福利與權利 (Welfare and Rights of Youth),Week42,2016-07-29,2016-08-04,24,0,0
10,shaonian-fuli,少年福利與權利 (Welfare and Rights of Youth),Week43,2016-08-05,2016-08-11,15,0,0
10,shaonian-fuli,少年福利與權利 (Welfare and Rights of Youth),Week44,2016-08-12,2016-08-18,23,0,0
10,shaonian-fuli,少年福利與權利 (Welfare and Rights of Youth),Week45,2016-08-19,2016-08-25,20,0,0
10,shaonian-fuli,少年福利與權利 (Welfare and Rights of Youth),Week46,2016-08-26,2016-09-01,24,0,0
10,shaonian-fuli,少年福利與權利 (Welfare and Rights of Youth),Week47,2016-09-02,2016-09-08,6,0,0
10,shaonian-fuli,少年福利與權利 (Welfare and Rights of Youth),Week48,2016-09-09,2016-09-15,10,0,0
10,shaonian-fuli,少年福利與權利 (Welfare and Rights of Youth),Week49,2016-09-16,2016-09-22,14,0,0
10,shaonian-fuli,少年福利與權利 (Welfare and Rights of Youth),Week50,2016-09-23,2016-09-29,14,0,0
10,shaonian-fuli,少年福利與權利 (Welfare and Rights of Youth),Week51,2016-09-30,2016-10-06,12,0,0
10,shaonian-fuli,少年福利與權利 (Welfare and Rights of Youth),Week52,2016-10-07,2016-10-13,20,0,0
10,shaonian-fuli,少年福利與權利 (Welfare and Rights of Youth),Week53,2016-10-14,2016-10-20,9,0,0
10,shaonian-fuli,少年福利與權利 (Welfare and Rights of Youth),Week54,2016-10-21,2016-10-27,6,0,0
10,shaonian-fuli,少年福利與權利 (Welfare and Rights of Youth),Week55,2016-10-28,2016-11-03,7,1,0
10,shaonian-fuli,少年福利與權利 (Welfare and Rights of Youth),Week56,2016-11-04,2016-11-10,5,0,0
10,shaonian-fuli,少年福利與權利 (Welfare and Rights of Youth),Week57,2016-11-11,2016-11-17,3,0,0
10,shaonian-fuli,少年福利與權利 (Welfare and Rights of Youth),Week58,2016-11-18,2016-11-24,5,0,0
10,shaonian-fuli,少年福利與權利 (Welfare and Rights of Youth),Week59,2016-11-25,2016-12-01,5,0,0
10,shaonian-fuli,少年福利與權利 (Welfare and Rights of Youth),Week60,2016-12-02,2016-12-08,7,0,0
10,shaonian-fuli,少年福利與權利 (Welfare and Rights of Youth),Week61,2016-12-09,2016-12-15,10,0,0
10,shaonian-fuli,少年福利與權利 (Welfare and Rights of Youth),Week62,2016-12-16,2016-12-22,3,0,0
10,shaonian-fuli,少年福利與權利 (Welfare and Rights of Youth),Week63,2016-12-23,2016-12-29,6,0,0
10,shaonian-fuli,少年福利與權利 (Welfare and Rights of Youth),Week64,2016-12-30,2017-01-05,6,0,0
10,shaonian-fuli,少年福利與權利 (Welfare and Rights of Youth),Week65,2017-01-06,2017-01-12,4,0,0
10,shaonian-fuli,少年福利與權利 (Welfare and Rights of Youth),Week66,2017-01-13,2017-01-19,6,0,0
10,shaonian-fuli,少年福利與權利 (Welfare and Rights of Youth),Week67,2017-01-20,2017-01-26,5,0,0
10,shaonian-fuli,少年福利與權利 (Welfare and Rights of Youth),Week68,2017-01-27,2017-02-02,9,0,0
10,shaonian-fuli,少年福利與權利 (Welfare and Rights of Youth),Week69,2017-02-03,2017-02-09,9,0,0
10,shaonian-fuli,少年福利與權利 (Welfare and Rights of Youth),Week70,2017-02-10,2017-02-16,7,0,0
10,shaonian-fuli,少年福利與權利 (Welfare and Rights of Youth),Week71,2017-02-17,2017-02-23,5,0,0
10,shaonian-fuli,少年福利與權利 (Welfare and Rights of Youth),Week72,2017-02-24,2017-03-02,5,0,0
10,shaonian-fuli,少年福利與權利 (Welfare and Rights of Youth),Week73,2017-03-03,2017-03-09,7,0,0
10,shaonian-fuli,少年福利與權利 (Welfare and Rights of Youth),Week74,2017-03-10,2017-03-16,11,0,0
10,shaonian-fuli,少年福利與權利 (Welfare and Rights of Youth),Week75,2017-03-17,2017-03-23,11,0,0
10,shaonian-fuli,少年福利與權利 (Welfare and Rights of Youth),Week76,2017-03-24,2017-03-30,17,0,0
10,shaonian-fuli,少年福利與權利 (Welfare and Rights of Youth),Week77,2017-03-31,2017-04-06,4,0,0
10,shaonian-fuli,少年福利與權利 (Welfare and Rights of Youth),Week78,2017-04-07,2017-04-13,13,0,0
10,shaonian-fuli,少年福利與權利 (Welfare and Rights of Youth),Week79,2017-04-14,2017-04-20,4,0,0
10,shaonian-fuli,少年福利與權利 (Welfare and Rights of Youth),Week80,2017-04-21,2017-04-27,3,0,0
10,shaonian-fuli,少年福利與權利 (Welfare and Rights of Youth),Week81,2017-04-28,2017-05-04,8,0,0
10,shaonian-fuli,少年福利與權利 (Welfare and Rights of Youth),Week82,2017-05-05,2017-05-11,10,0,0
10,shaonian-fuli,少年福利與權利 (Welfare and Rights of Youth),Week83,2017-05-12,2017-05-18,3,0,0
10,shaonian-fuli,少年福利與權利 (Welfare and Rights of Youth),Week84,2017-05-19,2017-05-25,3,0,0
10,shaonian-fuli,少年福利與權利 (Welfare and Rights of Youth),Week85,2017-05-26,2017-06-01,4,0,0
10,shaonian-fuli,少年福利與權利 (Welfare and Rights of Youth),Week86,2017-06-02,2017-06-08,5,0,0
10,shaonian-fuli,少年福利與權利 (Welfare and Rights of Youth),Week87,2017-06-09,2017-06-15,3,0,0
10,shaonian-fuli,少年福利與權利 (Welfare and Rights of Youth),Week88,2017-06-16,2017-06-22,6,0,0
10,shaonian-fuli,少年福利與權利 (Welfare and Rights of Youth),Week89,2017-06-23,2017-06-29,3,0,0
10,shaonian-fuli,少年福利與權利 (Welfare and Rights of Youth),Week90,2017-06-30,2017-07-06,5,0,0
10,shaonian-fuli,少年福利與權利 (Welfare and Rights of Youth),Week91,2017-07-07,2017-07-13,4,0,0
10,shaonian-fuli,少年福利與權利 (Welfare and Rights of Youth),Week92,2017-07-14,2017-07-20,2,0,0
10,shaonian-fuli,少年福利與權利 (Welfare and Rights of Youth),Week93,2017-07-21,2017-07-27,7,0,0
10,shaonian-fuli,少年福利與權利 (Welfare and Rights of Youth),Week94,2017-07-28,2017-08-03,3,0,0
10,shaonian-fuli,少年福利與權利 (Welfare and Rights of Youth),Week95,2017-08-04,2017-08-10,10,0,0
10,shaonian-fuli,少年福利與權利 (Welfare and Rights of Youth),Week96,2017-08-11,2017-08-17,5,0,0
10,shaonian-fuli,少年福利與權利 (Welfare and Rights of Youth),Week97,2017-08-18,2017-08-24,2,0,0
10,shaonian-fuli,少年福利與權利 (Welfare and Rights of Youth),Week98,2017-08-25,2017-08-31,4,0,0
10,shaonian-fuli,少年福利與權利 (Welfare and Rights of Youth),Week99,2017-09-01,2017-09-07,5,0,0
10,shaonian-fuli,少年福利與權利 (Welfare and Rights of Youth),Week100,2017-09-08,2017-09-14,7,0,0
10,shaonian-fuli,少年福利與權利 (Welfare and Rights of Youth),Week101,2017-09-15,2017-09-21,9,1,0
10,shaonian-fuli,少年福利與權利 (Welfare and Rights of Youth),Week102,2017-09-22,2017-09-28,9,0,0
10,shaonian-fuli,少年福利與權利 (Welfare and Rights of Youth),Week103,2017-09-29,2017-10-05,3,0,0
10,shaonian-fuli,少年福利與權利 (Welfare and Rights of Youth),Week104,2017-10-06,2017-10-12,4,0,0
10,shaonian-fuli,少年福利與權利 (Welfare and Rights of Youth),Week105,2017-10-13,2017-10-19,4,1,0
10,shaonian-fuli,少年福利與權利 (Welfare and Rights of Youth),Week106,2017-10-20,2017-10-26,2,0,0
10,shaonian-fuli,少年福利與權利 (Welfare and Rights of Youth),Week107,2017-10-27,2017-11-02,8,1,0
10,shaonian-fuli,少年福利與權利 (Welfare and Rights of Youth),Week108,2017-11-03,2017-11-09,6,0,0
10,shaonian-fuli,少年福利與權利 (Welfare and Rights of Youth),Week109,2017-11-10,2017-11-16,6,0,0
10,shaonian-fuli,少年福利與權利 (Welfare and Rights of Youth),Week110,2017-11-17,2017-11-23,1,0,0
10,shaonian-fuli,少年福利與權利 (Welfare and Rights of Youth),Week111,2017-11-24,2017-11-30,4,0,0
10,shaonian-fuli,少年福利與權利 (Welfare and Rights of Youth),Week112,2017-12-01,2017-12-07,1,0,0
11,wuli,普通物理學 - 電磁學、光學及近代物理,Week1,2016-08-04,2016-08-10,39,0,0
11,wuli,普通物理學 - 電磁學、光學及近代物理,Week2,2016-08-11,2016-08-17,73,0,0
11,wuli,普通物理學 - 電磁學、光學及近代物理,Week3,2016-08-18,2016-08-24,48,0,0
11,wuli,普通物理學 - 電磁學、光學及近代物理,Week4,2016-08-25,2016-08-31,44,0,0
11,wuli,普通物理學 - 電磁學、光學及近代物理,Week5,2016-09-01,2016-09-07,45,0,0
11,wuli,普通物理學 - 電磁學、光學及近代物理,Week6,2016-09-08,2016-09-14,49,0,0
11,wuli,普通物理學 - 電磁學、光學及近代物理,Week7,2016-09-15,2016-09-21,332,0,0
11,wuli,普通物理學 - 電磁學、光學及近代物理,Week8,2016-09-22,2016-09-28,37,0,0
11,wuli,普通物理學 - 電磁學、光學及近代物理,Week9,2016-09-29,2016-10-05,46,0,0
11,wuli,普通物理學 - 電磁學、光學及近代物理,Week10,2016-10-06,2016-10-12,29,0,0
11,wuli,普通物理學 - 電磁學、光學及近代物理,Week11,2016-10-13,2016-10-19,36,0,0
11,wuli,普通物理學 - 電磁學、光學及近代物理,Week12,2016-10-20,2016-10-26,34,0,0
11,wuli,普通物理學 - 電磁學、光學及近代物理,Week13,2016-10-27,2016-11-02,36,1,0
11,wuli,普通物理學 - 電磁學、光學及近代物理,Week14,2016-11-03,2016-11-09,42,0,0
11,wuli,普通物理學 - 電磁學、光學及近代物理,Week15,2016-11-10,2016-11-16,31,0,0
11,wuli,普通物理學 - 電磁學、光學及近代物理,Week16,2016-11-17,2016-11-23,34,0,0
11,wuli,普通物理學 - 電磁學、光學及近代物理,Week17,2016-11-24,2016-11-30,42,0,0
11,wuli,普通物理學 - 電磁學、光學及近代物理,Week18,2016-12-01,2016-12-07,40,0,0
11,wuli,普通物理學 - 電磁學、光學及近代物理,Week19,2016-12-08,2016-12-14,37,0,0
11,wuli,普通物理學 - 電磁學、光學及近代物理,Week20,2016-12-15,2016-12-21,33,0,0
11,wuli,普通物理學 - 電磁學、光學及近代物理,Week21,2016-12-22,2016-12-28,47,1,0
11,wuli,普通物理學 - 電磁學、光學及近代物理,Week22,2016-12-29,2017-01-04,31,0,0
11,wuli,普通物理學 - 電磁學、光學及近代物理,Week23,2017-01-05,2017-01-11,41,0,0
11,wuli,普通物理學 - 電磁學、光學及近代物理,Week24,2017-01-12,2017-01-18,42,0,0
11,wuli,普通物理學 - 電磁學、光學及近代物理,Week25,2017-01-19,2017-01-25,40,1,0
11,wuli,普通物理學 - 電磁學、光學及近代物理,Week26,2017-01-26,2017-02-01,34,0,0
11,wuli,普通物理學 - 電磁學、光學及近代物理,Week27,2017-02-02,2017-02-08,57,0,0
11,wuli,普通物理學 - 電磁學、光學及近代物理,Week28,2017-02-09,2017-02-15,31,0,0
11,wuli,普通物理學 - 電磁學、光學及近代物理,Week29,2017-02-16,2017-02-22,50,0,0
11,wuli,普通物理學 - 電磁學、光學及近代物理,Week30,2017-02-23,2017-03-01,37,0,0
11,wuli,普通物理學 - 電磁學、光學及近代物理,Week31,2017-03-02,2017-03-08,51,0,0
11,wuli,普通物理學 - 電磁學、光學及近代物理,Week32,2017-03-09,2017-03-15,49,0,0
11,wuli,普通物理學 - 電磁學、光學及近代物理,Week33,2017-03-16,2017-03-22,54,1,0
11,wuli,普通物理學 - 電磁學、光學及近代物理,Week34,2017-03-23,2017-03-29,38,1,0
11,wuli,普通物理學 - 電磁學、光學及近代物理,Week35,2017-03-30,2017-04-05,33,0,0
11,wuli,普通物理學 - 電磁學、光學及近代物理,Week36,2017-04-06,2017-04-12,42,0,0
11,wuli,普通物理學 - 電磁學、光學及近代物理,Week37,2017-04-13,2017-04-19,37,0,0
11,wuli,普通物理學 - 電磁學、光學及近代物理,Week38,2017-04-20,2017-04-26,24,0,0
11,wuli,普通物理學 - 電磁學、光學及近代物理,Week39,2017-04-27,2017-05-03,35,0,0
11,wuli,普通物理學 - 電磁學、光學及近代物理,Week40,2017-05-04,2017-05-10,45,0,0
11,wuli,普通物理學 - 電磁學、光學及近代物理,Week41,2017-05-11,2017-05-17,36,0,0
11,wuli,普通物理學 - 電磁學、光學及近代物理,Week42,2017-05-18,2017-05-24,32,1,0
11,wuli,普通物理學 - 電磁學、光學及近代物理,Week43,2017-05-25,2017-05-31,39,1,0
11,wuli,普通物理學 - 電磁學、光學及近代物理,Week44,2017-06-01,2017-06-07,35,0,0
11,wuli,普通物理學 - 電磁學、光學及近代物理,Week45,2017-06-08,2017-06-14,42,0,0
11,wuli,普通物理學 - 電磁學、光學及近代物理,Week46,2017-06-15,2017-06-21,47,0,0
11,wuli,普通物理學 - 電磁學、光學及近代物理,Week47,2017-06-22,2017-06-28,34,0,0
11,wuli,普通物理學 - 電磁學、光學及近代物理,Week48,2017-06-29,2017-07-05,35,1,0
11,wuli,普通物理學 - 電磁學、光學及近代物理,Week49,2017-07-06,2017-07-12,40,0,0
11,wuli,普通物理學 - 電磁學、光學及近代物理,Week50,2017-07-13,2017-07-19,51,0,0
11,wuli,普通物理學 - 電磁學、光學及近代物理,Week51,2017-07-20,2017-07-26,36,0,0
11,wuli,普通物理學 - 電磁學、光學及近代物理,Week52,2017-07-27,2017-08-02,42,0,0
11,wuli,普通物理學 - 電磁學、光學及近代物理,Week53,2017-08-03,2017-08-09,46,0,0
11,wuli,普通物理學 - 電磁學、光學及近代物理,Week54,2017-08-10,2017-08-16,37,0,0
11,wuli,普通物理學 - 電磁學、光學及近代物理,Week55,2017-08-17,2017-08-23,32,0,0
11,wuli,普通物理學 - 電磁學、光學及近代物理,Week56,2017-08-24,2017-08-30,36,0,0
11,wuli,普通物理學 - 電磁學、光學及近代物理,Week57,2017-08-31,2017-09-06,39,0,0
11,wuli,普通物理學 - 電磁學、光學及近代物理,Week58,2017-09-07,2017-09-13,42,0,0
11,wuli,普通物理學 - 電磁學、光學及近代物理,Week59,2017-09-14,2017-09-20,30,0,0
11,wuli,普通物理學 - 電磁學、光學及近代物理,Week60,2017-09-21,2017-09-27,31,0,0
11,wuli,普通物理學 - 電磁學、光學及近代物理,Week61,2017-09-28,2017-10-04,37,0,0
11,wuli,普通物理學 - 電磁學、光學及近代物理,Week62,2017-10-05,2017-10-11,27,0,0
11,wuli,普通物理學 - 電磁學、光學及近代物理,Week63,2017-10-12,2017-10-18,37,0,0
11,wuli,普通物理學 - 電磁學、光學及近代物理,Week64,2017-10-19,2017-10-25,20,0,0
11,wuli,普通物理學 - 電磁學、光學及近代物理,Week65,2017-10-26,2017-11-01,25,0,0
11,wuli,普通物理學 - 電磁學、光學及近代物理,Week66,2017-11-02,2017-11-08,25,0,0
11,wuli,普通物理學 - 電磁學、光學及近代物理,Week67,2017-11-09,2017-11-15,23,0,0
11,wuli,普通物理學 - 電磁學、光學及近代物理,Week68,2017-11-16,2017-11-22,17,0,0
11,wuli,普通物理學 - 電磁學、光學及近代物理,Week69,2017-11-23,2017-11-29,20,0,0
11,wuli,普通物理學 - 電磁學、光學及近代物理,Week70,2017-11-30,2017-12-06,14,0,0
12,mechanics-of-materials-1,材料力學一 (Mechanics of Materials I),Week1,2016-02-01,2016-02-07,652,4,0
12,mechanics-of-materials-1,材料力學一 (Mechanics of Materials I),Week2,2016-02-08,2016-02-14,33,0,0
12,mechanics-of-materials-1,材料力學一 (Mechanics of Materials I),Week3,2016-02-15,2016-02-21,20,0,0
12,mechanics-of-materials-1,材料力學一 (Mechanics of Materials I),Week4,2016-02-22,2016-02-28,34,1,0
12,mechanics-of-materials-1,材料力學一 (Mechanics of Materials I),Week5,2016-02-29,2016-03-06,25,0,0
12,mechanics-of-materials-1,材料力學一 (Mechanics of Materials I),Week6,2016-03-07,2016-03-13,28,0,0
12,mechanics-of-materials-1,材料力學一 (Mechanics of Materials I),Week7,2016-03-14,2016-03-20,16,0,0
12,mechanics-of-materials-1,材料力學一 (Mechanics of Materials I),Week8,2016-03-21,2016-03-27,30,0,0
12,mechanics-of-materials-1,材料力學一 (Mechanics of Materials I),Week9,2016-03-28,2016-04-03,58,1,0
12,mechanics-of-materials-1,材料力學一 (Mechanics of Materials I),Week10,2016-04-04,2016-04-10,29,1,0
12,mechanics-of-materials-1,材料力學一 (Mechanics of Materials I),Week11,2016-04-11,2016-04-17,26,0,0
12,mechanics-of-materials-1,材料力學一 (Mechanics of Materials I),Week12,2016-04-18,2016-04-24,16,0,0
12,mechanics-of-materials-1,材料力學一 (Mechanics of Materials I),Week13,2016-04-25,2016-05-01,13,0,0
12,mechanics-of-materials-1,材料力學一 (Mechanics of Materials I),Week14,2016-05-02,2016-05-08,27,0,0
12,mechanics-of-materials-1,材料力學一 (Mechanics of Materials I),Week15,2016-05-09,2016-05-15,54,0,0
12,mechanics-of-materials-1,材料力學一 (Mechanics of Materials I),Week16,2016-05-16,2016-05-22,25,0,0
12,mechanics-of-materials-1,材料力學一 (Mechanics of Materials I),Week17,2016-05-23,2016-05-29,27,0,0
12,mechanics-of-materials-1,材料力學一 (Mechanics of Materials I),Week18,2016-05-30,2016-06-05,33,1,0
12,mechanics-of-materials-1,材料力學一 (Mechanics of Materials I),Week19,2016-06-06,2016-06-12,40,0,0
12,mechanics-of-materials-1,材料力學一 (Mechanics of Materials I),Week20,2016-06-13,2016-06-19,24,0,0
12,mechanics-of-materials-1,材料力學一 (Mechanics of Materials I),Week21,2016-06-20,2016-06-26,32,0,0
12,mechanics-of-materials-1,材料力學一 (Mechanics of Materials I),Week22,2016-06-27,2016-07-03,70,1,0
12,mechanics-of-materials-1,材料力學一 (Mechanics of Materials I),Week23,2016-07-04,2016-07-10,43,0,0
12,mechanics-of-materials-1,材料力學一 (Mechanics of Materials I),Week24,2016-07-11,2016-07-17,29,0,0
12,mechanics-of-materials-1,材料力學一 (Mechanics of Materials I),Week25,2016-07-18,2016-07-24,26,0,0
12,mechanics-of-materials-1,材料力學一 (Mechanics of Materials I),Week26,2016-07-25,2016-07-31,34,0,0
12,mechanics-of-materials-1,材料力學一 (Mechanics of Materials I),Week27,2016-08-01,2016-08-07,68,0,0
12,mechanics-of-materials-1,材料力學一 (Mechanics of Materials I),Week28,2016-08-08,2016-08-14,26,0,0
12,mechanics-of-materials-1,材料力學一 (Mechanics of Materials I),Week29,2016-08-15,2016-08-21,29,0,0
12,mechanics-of-materials-1,材料力學一 (Mechanics of Materials I),Week30,2016-08-22,2016-08-28,30,0,0
12,mechanics-of-materials-1,材料力學一 (Mechanics of Materials I),Week31,2016-08-29,2016-09-04,23,0,0
12,mechanics-of-materials-1,材料力學一 (Mechanics of Materials I),Week32,2016-09-05,2016-09-11,26,0,0
12,mechanics-of-materials-1,材料力學一 (Mechanics of Materials I),Week33,2016-09-12,2016-09-18,37,0,0
12,mechanics-of-materials-1,材料力學一 (Mechanics of Materials I),Week34,2016-09-19,2016-09-25,33,1,0
12,mechanics-of-materials-1,材料力學一 (Mechanics of Materials I),Week35,2016-09-26,2016-10-02,33,0,0
12,mechanics-of-materials-1,材料力學一 (Mechanics of Materials I),Week36,2016-10-03,2016-10-09,25,0,0
12,mechanics-of-materials-1,材料力學一 (Mechanics of Materials I),Week37,2016-10-10,2016-10-16,33,0,0
12,mechanics-of-materials-1,材料力學一 (Mechanics of Materials I),Week38,2016-10-17,2016-10-23,36,0,0
12,mechanics-of-materials-1,材料力學一 (Mechanics of Materials I),Week39,2016-10-24,2016-10-30,36,0,0
12,mechanics-of-materials-1,材料力學一 (Mechanics of Materials I),Week40,2016-10-31,2016-11-06,34,0,0
12,mechanics-of-materials-1,材料力學一 (Mechanics of Materials I),Week41,2016-11-07,2016-11-13,34,1,0
12,mechanics-of-materials-1,材料力學一 (Mechanics of Materials I),Week42,2016-11-14,2016-11-20,32,0,0
12,mechanics-of-materials-1,材料力學一 (Mechanics of Materials I),Week43,2016-11-21,2016-11-27,32,0,0
12,mechanics-of-materials-1,材料力學一 (Mechanics of Materials I),Week44,2016-11-28,2016-12-04,24,0,0
12,mechanics-of-materials-1,材料力學一 (Mechanics of Materials I),Week45,2016-12-05,2016-12-11,22,0,0
12,mechanics-of-materials-1,材料力學一 (Mechanics of Materials I),Week46,2016-12-12,2016-12-18,32,0,0
12,mechanics-of-materials-1,材料力學一 (Mechanics of Materials I),Week47,2016-12-19,2016-12-25,27,1,0
12,mechanics-of-materials-1,材料力學一 (Mechanics of Materials I),Week48,2016-12-26,2017-01-01,22,0,0
12,mechanics-of-materials-1,材料力學一 (Mechanics of Materials I),Week49,2017-01-02,2017-01-08,26,0,0
12,mechanics-of-materials-1,材料力學一 (Mechanics of Materials I),Week50,2017-01-09,2017-01-15,28,0,0
12,mechanics-of-materials-1,材料力學一 (Mechanics of Materials I),Week51,2017-01-16,2017-01-22,34,0,0
12,mechanics-of-materials-1,材料力學一 (Mechanics of Materials I),Week52,2017-01-23,2017-01-29,12,0,0
12,mechanics-of-materials-1,材料力學一 (Mechanics of Materials I),Week53,2017-01-30,2017-02-05,27,0,0
12,mechanics-of-materials-1,材料力學一 (Mechanics of Materials I),Week54,2017-02-06,2017-02-12,18,1,0
12,mechanics-of-materials-1,材料力學一 (Mechanics of Materials I),Week55,2017-02-13,2017-02-19,33,1,0
12,mechanics-of-materials-1,材料力學一 (Mechanics of Materials I),Week56,2017-02-20,2017-02-26,29,1,0
12,mechanics-of-materials-1,材料力學一 (Mechanics of Materials I),Week57,2017-02-27,2017-03-05,24,1,0
12,mechanics-of-materials-1,材料力學一 (Mechanics of Materials I),Week58,2017-03-06,2017-03-12,80,0,0
12,mechanics-of-materials-1,材料力學一 (Mechanics of Materials I),Week59,2017-03-13,2017-03-19,56,0,0
12,mechanics-of-materials-1,材料力學一 (Mechanics of Materials I),Week60,2017-03-20,2017-03-26,29,0,0
12,mechanics-of-materials-1,材料力學一 (Mechanics of Materials I),Week61,2017-03-27,2017-04-02,18,0,0
12,mechanics-of-materials-1,材料力學一 (Mechanics of Materials I),Week62,2017-04-03,2017-04-09,26,0,0
12,mechanics-of-materials-1,材料力學一 (Mechanics of Materials I),Week63,2017-04-10,2017-04-16,28,0,0
12,mechanics-of-materials-1,材料力學一 (Mechanics of Materials I),Week64,2017-04-17,2017-04-23,25,0,0
12,mechanics-of-materials-1,材料力學一 (Mechanics of Materials I),Week65,2017-04-24,2017-04-30,14,0,0
12,mechanics-of-materials-1,材料力學一 (Mechanics of Materials I),Week66,2017-05-01,2017-05-07,22,0,0
12,mechanics-of-materials-1,材料力學一 (Mechanics of Materials I),Week67,2017-05-08,2017-05-14,17,0,0
12,mechanics-of-materials-1,材料力學一 (Mechanics of Materials I),Week68,2017-05-15,2017-05-21,20,0,0
12,mechanics-of-materials-1,材料力學一 (Mechanics of Materials I),Week69,2017-05-22,2017-05-28,23,0,0
12,mechanics-of-materials-1,材料力學一 (Mechanics of Materials I),Week70,2017-05-29,2017-06-04,16,0,0
12,mechanics-of-materials-1,材料力學一 (Mechanics of Materials I),Week71,2017-06-05,2017-06-11,28,0,0
12,mechanics-of-materials-1,材料力學一 (Mechanics of Materials I),Week72,2017-06-12,2017-06-18,31,1,0
12,mechanics-of-materials-1,材料力學一 (Mechanics of Materials I),Week73,2017-06-19,2017-06-25,23,0,0
12,mechanics-of-materials-1,材料力學一 (Mechanics of Materials I),Week74,2017-06-26,2017-07-02,21,0,0
12,mechanics-of-materials-1,材料力學一 (Mechanics of Materials I),Week75,2017-07-03,2017-07-09,14,0,0
12,mechanics-of-materials-1,材料力學一 (Mechanics of Materials I),Week76,2017-07-10,2017-07-16,19,0,0
12,mechanics-of-materials-1,材料力學一 (Mechanics of Materials I),Week77,2017-07-17,2017-07-23,19,0,0
12,mechanics-of-materials-1,材料力學一 (Mechanics of Materials I),Week78,2017-07-24,2017-07-30,16,0,0
12,mechanics-of-materials-1,材料力學一 (Mechanics of Materials I),Week79,2017-07-31,2017-08-06,16,0,0
12,mechanics-of-materials-1,材料力學一 (Mechanics of Materials I),Week80,2017-08-07,2017-08-13,10,0,0
12,mechanics-of-materials-1,材料力學一 (Mechanics of Materials I),Week81,2017-08-14,2017-08-20,13,0,0
12,mechanics-of-materials-1,材料力學一 (Mechanics of Materials I),Week82,2017-08-21,2017-08-27,11,0,0
12,mechanics-of-materials-1,材料力學一 (Mechanics of Materials I),Week83,2017-08-28,2017-09-03,15,0,0
12,mechanics-of-materials-1,材料力學一 (Mechanics of Materials I),Week84,2017-09-04,2017-09-10,15,0,0
12,mechanics-of-materials-1,材料力學一 (Mechanics of Materials I),Week85,2017-09-11,2017-09-17,36,0,0
12,mechanics-of-materials-1,材料力學一 (Mechanics of Materials I),Week86,2017-09-18,2017-09-24,29,0,0
12,mechanics-of-materials-1,材料力學一 (Mechanics of Materials I),Week87,2017-09-25,2017-10-01,13,0,0
12,mechanics-of-materials-1,材料力學一 (Mechanics of Materials I),Week88,2017-10-02,2017-10-08,14,0,0
12,mechanics-of-materials-1,材料力學一 (Mechanics of Materials I),Week89,2017-10-09,2017-10-15,12,0,0
12,mechanics-of-materials-1,材料力學一 (Mechanics of Materials I),Week90,2017-10-16,2017-10-22,15,0,0
12,mechanics-of-materials-1,材料力學一 (Mechanics of Materials I),Week91,2017-10-23,2017-10-29,9,0,0
12,mechanics-of-materials-1,材料力學一 (Mechanics of Materials I),Week92,2017-10-30,2017-11-05,13,0,0
12,mechanics-of-materials-1,材料力學一 (Mechanics of Materials I),Week93,2017-11-06,2017-11-12,15,0,0
12,mechanics-of-materials-1,材料力學一 (Mechanics of Materials I),Week94,2017-11-13,2017-11-19,20,0,0
12,mechanics-of-materials-1,材料力學一 (Mechanics of Materials I),Week95,2017-11-20,2017-11-26,13,0,0
12,mechanics-of-materials-1,材料力學一 (Mechanics of Materials I),Week96,2017-11-27,2017-12-03,10,0,0
13,cad,工程圖學 2D CAD 專題,Week1,2016-03-22,2016-03-28,27,1,1
13,cad,工程圖學 2D CAD 專題,Week2,2016-03-29,2016-04-04,39,2,2
13,cad,工程圖學 2D CAD 專題,Week3,2016-04-05,2016-04-11,26,3,0
13,cad,工程圖學 2D CAD 專題,Week4,2016-04-12,2016-04-18,18,0,0
13,cad,工程圖學 2D CAD 專題,Week5,2016-04-19,2016-04-25,24,3,1
13,cad,工程圖學 2D CAD 專題,Week6,2016-04-26,2016-05-02,13,2,0
13,cad,工程圖學 2D CAD 專題,Week7,2016-05-03,2016-05-09,24,2,0
13,cad,工程圖學 2D CAD 專題,Week8,2016-05-10,2016-05-16,19,1,0
13,cad,工程圖學 2D CAD 專題,Week9,2016-05-17,2016-05-23,22,1,1
13,cad,工程圖學 2D CAD 專題,Week10,2016-05-24,2016-05-30,30,1,0
13,cad,工程圖學 2D CAD 專題,Week11,2016-05-31,2016-06-06,24,2,1
13,cad,工程圖學 2D CAD 專題,Week12,2016-06-07,2016-06-13,20,0,0
13,cad,工程圖學 2D CAD 專題,Week13,2016-06-14,2016-06-20,23,1,1
13,cad,工程圖學 2D CAD 專題,Week14,2016-06-21,2016-06-27,31,2,2
13,cad,工程圖學 2D CAD 專題,Week15,2016-06-28,2016-07-04,45,2,0
13,cad,工程圖學 2D CAD 專題,Week16,2016-07-05,2016-07-11,35,3,1
13,cad,工程圖學 2D CAD 專題,Week17,2016-07-12,2016-07-18,24,0,0
13,cad,工程圖學 2D CAD 專題,Week18,2016-07-19,2016-07-25,41,0,0
13,cad,工程圖學 2D CAD 專題,Week19,2016-07-26,2016-08-01,32,1,0
13,cad,工程圖學 2D CAD 專題,Week20,2016-08-02,2016-08-08,31,2,0
13,cad,工程圖學 2D CAD 專題,Week21,2016-08-09,2016-08-15,25,0,0
13,cad,工程圖學 2D CAD 專題,Week22,2016-08-16,2016-08-22,18,0,0
13,cad,工程圖學 2D CAD 專題,Week23,2016-08-23,2016-08-29,28,3,1
13,cad,工程圖學 2D CAD 專題,Week24,2016-08-30,2016-09-05,29,0,1
13,cad,工程圖學 2D CAD 專題,Week25,2016-09-06,2016-09-12,2092,65,75
13,cad,工程圖學 2D CAD 專題,Week26,2016-09-13,2016-09-19,69,1,31
13,cad,工程圖學 2D CAD 專題,Week27,2016-09-20,2016-09-26,33,2,2
13,cad,工程圖學 2D CAD 專題,Week28,2016-09-27,2016-10-03,27,0,0
13,cad,工程圖學 2D CAD 專題,Week29,2016-10-04,2016-10-10,24,0,0
13,cad,工程圖學 2D CAD 專題,Week30,2016-10-11,2016-10-17,25,0,0
13,cad,工程圖學 2D CAD 專題,Week31,2016-10-18,2016-10-24,23,0,0
13,cad,工程圖學 2D CAD 專題,Week32,2016-10-25,2016-10-31,32,1,0
13,cad,工程圖學 2D CAD 專題,Week33,2016-11-01,2016-11-07,26,1,1
13,cad,工程圖學 2D CAD 專題,Week34,2016-11-08,2016-11-14,29,0,0
13,cad,工程圖學 2D CAD 專題,Week35,2016-11-15,2016-11-21,32,1,1
13,cad,工程圖學 2D CAD 專題,Week36,2016-11-22,2016-11-28,27,1,0
13,cad,工程圖學 2D CAD 專題,Week37,2016-11-29,2016-12-05,36,1,0
13,cad,工程圖學 2D CAD 專題,Week38,2016-12-06,2016-12-12,37,0,1
13,cad,工程圖學 2D CAD 專題,Week39,2016-12-13,2016-12-19,31,2,0
13,cad,工程圖學 2D CAD 專題,Week40,2016-12-20,2016-12-26,21,0,0
13,cad,工程圖學 2D CAD 專題,Week41,2016-12-27,2017-01-02,24,1,0
13,cad,工程圖學 2D CAD 專題,Week42,2017-01-03,2017-01-09,24,3,0
13,cad,工程圖學 2D CAD 專題,Week43,2017-01-10,2017-01-16,24,0,0
13,cad,工程圖學 2D CAD 專題,Week44,2017-01-17,2017-01-23,19,0,0
13,cad,工程圖學 2D CAD 專題,Week45,2017-01-24,2017-01-30,18,1,0
13,cad,工程圖學 2D CAD 專題,Week46,2017-01-31,2017-02-06,14,1,0
13,cad,工程圖學 2D CAD 專題,Week47,2017-02-07,2017-02-13,19,0,0
13,cad,工程圖學 2D CAD 專題,Week48,2017-02-14,2017-02-20,8,0,0
13,cad,工程圖學 2D CAD 專題,Week49,2017-02-21,2017-02-27,13,0,0
13,cad,工程圖學 2D CAD 專題,Week50,2017-02-28,2017-03-06,18,3,0
13,cad,工程圖學 2D CAD 專題,Week51,2017-03-07,2017-03-13,18,2,0
13,cad,工程圖學 2D CAD 專題,Week52,2017-03-14,2017-03-20,11,1,0
13,cad,工程圖學 2D CAD 專題,Week53,2017-03-21,2017-03-27,12,1,0
13,cad,工程圖學 2D CAD 專題,Week54,2017-03-28,2017-04-03,10,1,0
13,cad,工程圖學 2D CAD 專題,Week55,2017-04-04,2017-04-10,10,0,0
13,cad,工程圖學 2D CAD 專題,Week56,2017-04-11,2017-04-17,13,1,0
13,cad,工程圖學 2D CAD 專題,Week57,2017-04-18,2017-04-24,16,0,0
13,cad,工程圖學 2D CAD 專題,Week58,2017-04-25,2017-05-01,11,0,0
13,cad,工程圖學 2D CAD 專題,Week59,2017-05-02,2017-05-08,2,1,0
13,cad,工程圖學 2D CAD 專題,Week60,2017-05-09,2017-05-15,8,0,0
13,cad,工程圖學 2D CAD 專題,Week61,2017-05-16,2017-05-22,12,0,0
13,cad,工程圖學 2D CAD 專題,Week62,2017-05-23,2017-05-29,22,4,0
13,cad,工程圖學 2D CAD 專題,Week63,2017-05-30,2017-06-05,14,1,0
13,cad,工程圖學 2D CAD 專題,Week64,2017-06-06,2017-06-12,13,0,0
13,cad,工程圖學 2D CAD 專題,Week65,2017-06-13,2017-06-19,11,4,0
13,cad,工程圖學 2D CAD 專題,Week66,2017-06-20,2017-06-26,16,2,0
13,cad,工程圖學 2D CAD 專題,Week67,2017-06-27,2017-07-03,14,1,0
13,cad,工程圖學 2D CAD 專題,Week68,2017-07-04,2017-07-10,9,0,0
13,cad,工程圖學 2D CAD 專題,Week69,2017-07-11,2017-07-17,11,0,0
13,cad,工程圖學 2D CAD 專題,Week70,2017-07-18,2017-07-24,13,1,0
13,cad,工程圖學 2D CAD 專題,Week71,2017-07-25,2017-07-31,7,0,0
13,cad,工程圖學 2D CAD 專題,Week72,2017-08-01,2017-08-07,7,1,0
13,cad,工程圖學 2D CAD 專題,Week73,2017-08-08,2017-08-14,13,0,0
13,cad,工程圖學 2D CAD 專題,Week74,2017-08-15,2017-08-21,14,2,0
13,cad,工程圖學 2D CAD 專題,Week75,2017-08-22,2017-08-28,12,0,0
13,cad,工程圖學 2D CAD 專題,Week76,2017-08-29,2017-09-04,15,3,0
13,cad,工程圖學 2D CAD 專題,Week77,2017-09-05,2017-09-11,11,1,0
13,cad,工程圖學 2D CAD 專題,Week78,2017-09-12,2017-09-18,85,3,13
13,cad,工程圖學 2D CAD 專題,Week79,2017-09-19,2017-09-25,24,0,0
13,cad,工程圖學 2D CAD 專題,Week80,2017-09-26,2017-10-02,22,1,0
13,cad,工程圖學 2D CAD 專題,Week81,2017-10-03,2017-10-09,12,1,0
13,cad,工程圖學 2D CAD 專題,Week82,2017-10-10,2017-10-16,15,1,0
13,cad,工程圖學 2D CAD 專題,Week83,2017-10-17,2017-10-23,21,0,0
13,cad,工程圖學 2D CAD 專題,Week84,2017-10-24,2017-10-30,7,0,0
13,cad,工程圖學 2D CAD 專題,Week85,2017-10-31,2017-11-06,6,0,0
13,cad,工程圖學 2D CAD 專題,Week86,2017-11-07,2017-11-13,7,0,0
13,cad,工程圖學 2D CAD 專題,Week87,2017-11-14,2017-11-20,15,1,0
13,cad,工程圖學 2D CAD 專題,Week88,2017-11-21,2017-11-27,18,0,0
13,cad,工程圖學 2D CAD 專題,Week89,2017-11-28,2017-12-04,7,0,0
14,3d-cad,工程圖學 3D CAD,Week1,2016-03-22,2016-03-28,54,1,1
14,3d-cad,工程圖學 3D CAD,Week2,2016-03-29,2016-04-04,67,0,0
14,3d-cad,工程圖學 3D CAD,Week3,2016-04-05,2016-04-11,55,1,0
14,3d-cad,工程圖學 3D CAD,Week4,2016-04-12,2016-04-18,31,0,0
14,3d-cad,工程圖學 3D CAD,Week5,2016-04-19,2016-04-25,46,1,1
14,3d-cad,工程圖學 3D CAD,Week6,2016-04-26,2016-05-02,50,4,2
14,3d-cad,工程圖學 3D CAD,Week7,2016-05-03,2016-05-09,43,2,2
14,3d-cad,工程圖學 3D CAD,Week8,2016-05-10,2016-05-16,55,1,1
14,3d-cad,工程圖學 3D CAD,Week9,2016-05-17,2016-05-23,57,1,1
14,3d-cad,工程圖學 3D CAD,Week10,2016-05-24,2016-05-30,54,0,1
14,3d-cad,工程圖學 3D CAD,Week11,2016-05-31,2016-06-06,60,2,0
14,3d-cad,工程圖學 3D CAD,Week12,2016-06-07,2016-06-13,54,0,0
14,3d-cad,工程圖學 3D CAD,Week13,2016-06-14,2016-06-20,50,0,0
14,3d-cad,工程圖學 3D CAD,Week14,2016-06-21,2016-06-27,64,1,2
14,3d-cad,工程圖學 3D CAD,Week15,2016-06-28,2016-07-04,67,2,0
14,3d-cad,工程圖學 3D CAD,Week16,2016-07-05,2016-07-11,65,1,0
14,3d-cad,工程圖學 3D CAD,Week17,2016-07-12,2016-07-18,56,0,1
14,3d-cad,工程圖學 3D CAD,Week18,2016-07-19,2016-07-25,60,0,0
14,3d-cad,工程圖學 3D CAD,Week19,2016-07-26,2016-08-01,49,2,1
14,3d-cad,工程圖學 3D CAD,Week20,2016-08-02,2016-08-08,49,2,2
14,3d-cad,工程圖學 3D CAD,Week21,2016-08-09,2016-08-15,61,0,0
14,3d-cad,工程圖學 3D CAD,Week22,2016-08-16,2016-08-22,52,0,0
14,3d-cad,工程圖學 3D CAD,Week23,2016-08-23,2016-08-29,47,2,0
14,3d-cad,工程圖學 3D CAD,Week24,2016-08-30,2016-09-05,47,1,1
14,3d-cad,工程圖學 3D CAD,Week25,2016-09-06,2016-09-12,3056,64,133
14,3d-cad,工程圖學 3D CAD,Week26,2016-09-13,2016-09-19,93,0,24
14,3d-cad,工程圖學 3D CAD,Week27,2016-09-20,2016-09-26,55,0,1
14,3d-cad,工程圖學 3D CAD,Week28,2016-09-27,2016-10-03,44,1,0
14,3d-cad,工程圖學 3D CAD,Week29,2016-10-04,2016-10-10,62,1,1
14,3d-cad,工程圖學 3D CAD,Week30,2016-10-11,2016-10-17,46,1,1
14,3d-cad,工程圖學 3D CAD,Week31,2016-10-18,2016-10-24,54,0,0
14,3d-cad,工程圖學 3D CAD,Week32,2016-10-25,2016-10-31,39,0,0
14,3d-cad,工程圖學 3D CAD,Week33,2016-11-01,2016-11-07,47,0,0
14,3d-cad,工程圖學 3D CAD,Week34,2016-11-08,2016-11-14,41,0,0
14,3d-cad,工程圖學 3D CAD,Week35,2016-11-15,2016-11-21,52,1,1
14,3d-cad,工程圖學 3D CAD,Week36,2016-11-22,2016-11-28,66,0,0
14,3d-cad,工程圖學 3D CAD,Week37,2016-11-29,2016-12-05,80,1,0
14,3d-cad,工程圖學 3D CAD,Week38,2016-12-06,2016-12-12,51,0,0
14,3d-cad,工程圖學 3D CAD,Week39,2016-12-13,2016-12-19,50,0,0
14,3d-cad,工程圖學 3D CAD,Week40,2016-12-20,2016-12-26,56,0,0
14,3d-cad,工程圖學 3D CAD,Week41,2016-12-27,2017-01-02,50,1,1
14,3d-cad,工程圖學 3D CAD,Week42,2017-01-03,2017-01-09,51,2,1
14,3d-cad,工程圖學 3D CAD,Week43,2017-01-10,2017-01-16,37,0,0
14,3d-cad,工程圖學 3D CAD,Week44,2017-01-17,2017-01-23,35,1,1
14,3d-cad,工程圖學 3D CAD,Week45,2017-01-24,2017-01-30,36,0,0
14,3d-cad,工程圖學 3D CAD,Week46,2017-01-31,2017-02-06,40,0,0
14,3d-cad,工程圖學 3D CAD,Week47,2017-02-07,2017-02-13,25,0,0
14,3d-cad,工程圖學 3D CAD,Week48,2017-02-14,2017-02-20,33,1,1
14,3d-cad,工程圖學 3D CAD,Week49,2017-02-21,2017-02-27,27,1,0
14,3d-cad,工程圖學 3D CAD,Week50,2017-02-28,2017-03-06,33,3,0
14,3d-cad,工程圖學 3D CAD,Week51,2017-03-07,2017-03-13,39,2,0
14,3d-cad,工程圖學 3D CAD,Week52,2017-03-14,2017-03-20,12,0,0
14,3d-cad,工程圖學 3D CAD,Week53,2017-03-21,2017-03-27,23,0,0
14,3d-cad,工程圖學 3D CAD,Week54,2017-03-28,2017-04-03,23,1,0
14,3d-cad,工程圖學 3D CAD,Week55,2017-04-04,2017-04-10,21,0,0
14,3d-cad,工程圖學 3D CAD,Week56,2017-04-11,2017-04-17,17,2,0
14,3d-cad,工程圖學 3D CAD,Week57,2017-04-18,2017-04-24,22,1,1
14,3d-cad,工程圖學 3D CAD,Week58,2017-04-25,2017-05-01,10,0,0
14,3d-cad,工程圖學 3D CAD,Week59,2017-05-02,2017-05-08,8,1,0
14,3d-cad,工程圖學 3D CAD,Week60,2017-05-09,2017-05-15,18,0,0
14,3d-cad,工程圖學 3D CAD,Week61,2017-05-16,2017-05-22,10,2,0
14,3d-cad,工程圖學 3D CAD,Week62,2017-05-23,2017-05-29,24,5,0
14,3d-cad,工程圖學 3D CAD,Week63,2017-05-30,2017-06-05,10,1,0
14,3d-cad,工程圖學 3D CAD,Week64,2017-06-06,2017-06-12,8,1,0
14,3d-cad,工程圖學 3D CAD,Week65,2017-06-13,2017-06-19,7,0,0
14,3d-cad,工程圖學 3D CAD,Week66,2017-06-20,2017-06-26,16,3,2
14,3d-cad,工程圖學 3D CAD,Week67,2017-06-27,2017-07-03,12,1,0
14,3d-cad,工程圖學 3D CAD,Week68,2017-07-04,2017-07-10,7,0,0
14,3d-cad,工程圖學 3D CAD,Week69,2017-07-11,2017-07-17,12,0,0
14,3d-cad,工程圖學 3D CAD,Week70,2017-07-18,2017-07-24,16,1,0
14,3d-cad,工程圖學 3D CAD,Week71,2017-07-25,2017-07-31,10,2,0
14,3d-cad,工程圖學 3D CAD,Week72,2017-08-01,2017-08-07,12,0,0
14,3d-cad,工程圖學 3D CAD,Week73,2017-08-08,2017-08-14,11,0,0
14,3d-cad,工程圖學 3D CAD,Week74,2017-08-15,2017-08-21,8,1,0
14,3d-cad,工程圖學 3D CAD,Week75,2017-08-22,2017-08-28,8,1,0
14,3d-cad,工程圖學 3D CAD,Week76,2017-08-29,2017-09-04,12,2,0
14,3d-cad,工程圖學 3D CAD,Week77,2017-09-05,2017-09-11,13,0,0
14,3d-cad,工程圖學 3D CAD,Week78,2017-09-12,2017-09-18,12,2,0
14,3d-cad,工程圖學 3D CAD,Week79,2017-09-19,2017-09-25,7,0,0
14,3d-cad,工程圖學 3D CAD,Week80,2017-09-26,2017-10-02,13,0,0
14,3d-cad,工程圖學 3D CAD,Week81,2017-10-03,2017-10-09,11,0,0
14,3d-cad,工程圖學 3D CAD,Week82,2017-10-10,2017-10-16,10,0,0
14,3d-cad,工程圖學 3D CAD,Week83,2017-10-17,2017-10-23,15,0,0
14,3d-cad,工程圖學 3D CAD,Week84,2017-10-24,2017-10-30,7,0,0
14,3d-cad,工程圖學 3D CAD,Week85,2017-10-31,2017-11-06,2,0,0
14,3d-cad,工程圖學 3D CAD,Week86,2017-11-07,2017-11-13,3,0,0
14,3d-cad,工程圖學 3D CAD,Week87,2017-11-14,2017-11-20,6,1,0
14,3d-cad,工程圖學 3D CAD,Week88,2017-11-21,2017-11-27,10,0,0
14,3d-cad,工程圖學 3D CAD,Week89,2017-11-28,2017-12-04,3,0,0
15,2d-cad,工程圖學 2D CAD,Week1,2016-03-21,2016-03-27,52,2,1
15,2d-cad,工程圖學 2D CAD,Week2,2016-03-28,2016-04-03,58,6,2
15,2d-cad,工程圖學 2D CAD,Week3,2016-04-04,2016-04-10,33,2,0
15,2d-cad,工程圖學 2D CAD,Week4,2016-04-11,2016-04-17,42,5,3
15,2d-cad,工程圖學 2D CAD,Week5,2016-04-18,2016-04-24,38,6,2
15,2d-cad,工程圖學 2D CAD,Week6,2016-04-25,2016-05-01,34,1,1
15,2d-cad,工程圖學 2D CAD,Week7,2016-05-02,2016-05-08,35,1,0
15,2d-cad,工程圖學 2D CAD,Week8,2016-05-09,2016-05-15,35,0,0
15,2d-cad,工程圖學 2D CAD,Week9,2016-05-16,2016-05-22,44,3,0
15,2d-cad,工程圖學 2D CAD,Week10,2016-05-23,2016-05-29,64,4,4
15,2d-cad,工程圖學 2D CAD,Week11,2016-05-30,2016-06-05,40,1,0
15,2d-cad,工程圖學 2D CAD,Week12,2016-06-06,2016-06-12,41,1,1
15,2d-cad,工程圖學 2D CAD,Week13,2016-06-13,2016-06-19,42,4,1
15,2d-cad,工程圖學 2D CAD,Week14,2016-06-20,2016-06-26,79,4,1
15,2d-cad,工程圖學 2D CAD,Week15,2016-06-27,2016-07-03,56,2,2
15,2d-cad,工程圖學 2D CAD,Week16,2016-07-04,2016-07-10,57,1,1
15,2d-cad,工程圖學 2D CAD,Week17,2016-07-11,2016-07-17,59,4,2
15,2d-cad,工程圖學 2D CAD,Week18,2016-07-18,2016-07-24,64,5,0
15,2d-cad,工程圖學 2D CAD,Week19,2016-07-25,2016-07-31,60,2,1
15,2d-cad,工程圖學 2D CAD,Week20,2016-08-01,2016-08-07,52,3,0
15,2d-cad,工程圖學 2D CAD,Week21,2016-08-08,2016-08-14,61,1,2
15,2d-cad,工程圖學 2D CAD,Week22,2016-08-15,2016-08-21,50,2,0
15,2d-cad,工程圖學 2D CAD,Week23,2016-08-22,2016-08-28,43,1,0
15,2d-cad,工程圖學 2D CAD,Week24,2016-08-29,2016-09-04,44,1,0
15,2d-cad,工程圖學 2D CAD,Week25,2016-09-05,2016-09-11,5476,145,162
15,2d-cad,工程圖學 2D CAD,Week26,2016-09-12,2016-09-18,94,0,28
15,2d-cad,工程圖學 2D CAD,Week27,2016-09-19,2016-09-25,69,0,1
15,2d-cad,工程圖學 2D CAD,Week28,2016-09-26,2016-10-02,67,1,0
15,2d-cad,工程圖學 2D CAD,Week29,2016-10-03,2016-10-09,75,1,1
15,2d-cad,工程圖學 2D CAD,Week30,2016-10-10,2016-10-16,90,2,1
15,2d-cad,工程圖學 2D CAD,Week31,2016-10-17,2016-10-23,46,2,0
15,2d-cad,工程圖學 2D CAD,Week32,2016-10-24,2016-10-30,58,1,1
15,2d-cad,工程圖學 2D CAD,Week33,2016-10-31,2016-11-06,66,0,0
15,2d-cad,工程圖學 2D CAD,Week34,2016-11-07,2016-11-13,57,0,0
15,2d-cad,工程圖學 2D CAD,Week35,2016-11-14,2016-11-20,57,1,2
15,2d-cad,工程圖學 2D CAD,Week36,2016-11-21,2016-11-27,64,0,0
15,2d-cad,工程圖學 2D CAD,Week37,2016-11-28,2016-12-04,56,1,0
15,2d-cad,工程圖學 2D CAD,Week38,2016-12-05,2016-12-11,65,2,1
15,2d-cad,工程圖學 2D CAD,Week39,2016-12-12,2016-12-18,53,2,1
15,2d-cad,工程圖學 2D CAD,Week40,2016-12-19,2016-12-25,49,1,1
15,2d-cad,工程圖學 2D CAD,Week41,2016-12-26,2017-01-01,38,1,1
15,2d-cad,工程圖學 2D CAD,Week42,2017-01-02,2017-01-08,44,3,1
15,2d-cad,工程圖學 2D CAD,Week43,2017-01-09,2017-01-15,53,0,0
15,2d-cad,工程圖學 2D CAD,Week44,2017-01-16,2017-01-22,36,0,0
15,2d-cad,工程圖學 2D CAD,Week45,2017-01-23,2017-01-29,30,2,1
15,2d-cad,工程圖學 2D CAD,Week46,2017-01-30,2017-02-05,39,2,2
15,2d-cad,工程圖學 2D CAD,Week47,2017-02-06,2017-02-12,39,1,1
15,2d-cad,工程圖學 2D CAD,Week48,2017-02-13,2017-02-19,40,0,0
15,2d-cad,工程圖學 2D CAD,Week49,2017-02-20,2017-02-26,47,2,0
15,2d-cad,工程圖學 2D CAD,Week50,2017-02-27,2017-03-05,42,5,1
15,2d-cad,工程圖學 2D CAD,Week51,2017-03-06,2017-03-12,29,1,0
15,2d-cad,工程圖學 2D CAD,Week52,2017-03-13,2017-03-19,27,2,0
15,2d-cad,工程圖學 2D CAD,Week53,2017-03-20,2017-03-26,19,0,0
15,2d-cad,工程圖學 2D CAD,Week54,2017-03-27,2017-04-02,22,4,1
15,2d-cad,工程圖學 2D CAD,Week55,2017-04-03,2017-04-09,27,3,0
15,2d-cad,工程圖學 2D CAD,Week56,2017-04-10,2017-04-16,25,5,0
15,2d-cad,工程圖學 2D CAD,Week57,2017-04-17,2017-04-23,23,2,1
15,2d-cad,工程圖學 2D CAD,Week58,2017-04-24,2017-04-30,16,3,2
15,2d-cad,工程圖學 2D CAD,Week59,2017-05-01,2017-05-07,11,1,0
15,2d-cad,工程圖學 2D CAD,Week60,2017-05-08,2017-05-14,21,2,1
15,2d-cad,工程圖學 2D CAD,Week61,2017-05-15,2017-05-21,27,1,0
15,2d-cad,工程圖學 2D CAD,Week62,2017-05-22,2017-05-28,39,5,0
15,2d-cad,工程圖學 2D CAD,Week63,2017-05-29,2017-06-04,28,1,0
15,2d-cad,工程圖學 2D CAD,Week64,2017-06-05,2017-06-11,21,2,0
15,2d-cad,工程圖學 2D CAD,Week65,2017-06-12,2017-06-18,37,5,0
15,2d-cad,工程圖學 2D CAD,Week66,2017-06-19,2017-06-25,42,6,2
15,2d-cad,工程圖學 2D CAD,Week67,2017-06-26,2017-07-02,39,3,2
15,2d-cad,工程圖學 2D CAD,Week68,2017-07-03,2017-07-09,27,1,0
15,2d-cad,工程圖學 2D CAD,Week69,2017-07-10,2017-07-16,41,1,0
15,2d-cad,工程圖學 2D CAD,Week70,2017-07-17,2017-07-23,34,1,0
15,2d-cad,工程圖學 2D CAD,Week71,2017-07-24,2017-07-30,32,0,0
15,2d-cad,工程圖學 2D CAD,Week72,2017-07-31,2017-08-06,31,3,1
15,2d-cad,工程圖學 2D CAD,Week73,2017-08-07,2017-08-13,31,4,0
15,2d-cad,工程圖學 2D CAD,Week74,2017-08-14,2017-08-20,38,2,2
15,2d-cad,工程圖學 2D CAD,Week75,2017-08-21,2017-08-27,22,4,0
15,2d-cad,工程圖學 2D CAD,Week76,2017-08-28,2017-09-03,29,4,0
15,2d-cad,工程圖學 2D CAD,Week77,2017-09-04,2017-09-10,41,3,1
15,2d-cad,工程圖學 2D CAD,Week78,2017-09-11,2017-09-17,102,1,31
15,2d-cad,工程圖學 2D CAD,Week79,2017-09-18,2017-09-24,52,0,0
15,2d-cad,工程圖學 2D CAD,Week80,2017-09-25,2017-10-01,75,2,1
15,2d-cad,工程圖學 2D CAD,Week81,2017-10-02,2017-10-08,30,2,0
15,2d-cad,工程圖學 2D CAD,Week82,2017-10-09,2017-10-15,28,0,0
15,2d-cad,工程圖學 2D CAD,Week83,2017-10-16,2017-10-22,39,3,0
15,2d-cad,工程圖學 2D CAD,Week84,2017-10-23,2017-10-29,38,1,0
15,2d-cad,工程圖學 2D CAD,Week85,2017-10-30,2017-11-05,21,0,0
15,2d-cad,工程圖學 2D CAD,Week86,2017-11-06,2017-11-12,23,0,0
15,2d-cad,工程圖學 2D CAD,Week87,2017-11-13,2017-11-19,23,2,0
15,2d-cad,工程圖學 2D CAD,Week88,2017-11-20,2017-11-26,16,0,0
15,2d-cad,工程圖學 2D CAD,Week89,2017-11-27,2017-12-03,20,0,0
16,cad3d,工程圖學 3D CAD 專題,Week1,2016-03-22,2016-03-28,24,2,0
16,cad3d,工程圖學 3D CAD 專題,Week2,2016-03-29,2016-04-04,24,0,0
16,cad3d,工程圖學 3D CAD 專題,Week3,2016-04-05,2016-04-11,25,1,1
16,cad3d,工程圖學 3D CAD 專題,Week4,2016-04-12,2016-04-18,14,0,0
16,cad3d,工程圖學 3D CAD 專題,Week5,2016-04-19,2016-04-25,16,0,0
16,cad3d,工程圖學 3D CAD 專題,Week6,2016-04-26,2016-05-02,18,1,0
16,cad3d,工程圖學 3D CAD 專題,Week7,2016-05-03,2016-05-09,20,0,0
16,cad3d,工程圖學 3D CAD 專題,Week8,2016-05-10,2016-05-16,27,1,0
16,cad3d,工程圖學 3D CAD 專題,Week9,2016-05-17,2016-05-23,19,0,0
16,cad3d,工程圖學 3D CAD 專題,Week10,2016-05-24,2016-05-30,26,0,0
16,cad3d,工程圖學 3D CAD 專題,Week11,2016-05-31,2016-06-06,33,3,1
16,cad3d,工程圖學 3D CAD 專題,Week12,2016-06-07,2016-06-13,28,0,0
16,cad3d,工程圖學 3D CAD 專題,Week13,2016-06-14,2016-06-20,16,1,1
16,cad3d,工程圖學 3D CAD 專題,Week14,2016-06-21,2016-06-27,28,0,1
16,cad3d,工程圖學 3D CAD 專題,Week15,2016-06-28,2016-07-04,32,1,0
16,cad3d,工程圖學 3D CAD 專題,Week16,2016-07-05,2016-07-11,29,1,1
16,cad3d,工程圖學 3D CAD 專題,Week17,2016-07-12,2016-07-18,30,1,0
16,cad3d,工程圖學 3D CAD 專題,Week18,2016-07-19,2016-07-25,28,1,0
16,cad3d,工程圖學 3D CAD 專題,Week19,2016-07-26,2016-08-01,31,0,0
16,cad3d,工程圖學 3D CAD 專題,Week20,2016-08-02,2016-08-08,18,1,0
16,cad3d,工程圖學 3D CAD 專題,Week21,2016-08-09,2016-08-15,28,0,0
16,cad3d,工程圖學 3D CAD 專題,Week22,2016-08-16,2016-08-22,27,0,0
16,cad3d,工程圖學 3D CAD 專題,Week23,2016-08-23,2016-08-29,33,1,0
16,cad3d,工程圖學 3D CAD 專題,Week24,2016-08-30,2016-09-05,17,0,0
16,cad3d,工程圖學 3D CAD 專題,Week25,2016-09-06,2016-09-12,1171,40,64
16,cad3d,工程圖學 3D CAD 專題,Week26,2016-09-13,2016-09-19,68,0,30
16,cad3d,工程圖學 3D CAD 專題,Week27,2016-09-20,2016-09-26,26,1,2
16,cad3d,工程圖學 3D CAD 專題,Week28,2016-09-27,2016-10-03,31,0,0
16,cad3d,工程圖學 3D CAD 專題,Week29,2016-10-04,2016-10-10,25,0,0
16,cad3d,工程圖學 3D CAD 專題,Week30,2016-10-11,2016-10-17,10,0,0
16,cad3d,工程圖學 3D CAD 專題,Week31,2016-10-18,2016-10-24,23,0,0
16,cad3d,工程圖學 3D CAD 專題,Week32,2016-10-25,2016-10-31,12,1,1
16,cad3d,工程圖學 3D CAD 專題,Week33,2016-11-01,2016-11-07,10,0,0
16,cad3d,工程圖學 3D CAD 專題,Week34,2016-11-08,2016-11-14,15,1,0
16,cad3d,工程圖學 3D CAD 專題,Week35,2016-11-15,2016-11-21,23,0,0
16,cad3d,工程圖學 3D CAD 專題,Week36,2016-11-22,2016-11-28,25,0,0
16,cad3d,工程圖學 3D CAD 專題,Week37,2016-11-29,2016-12-05,18,0,0
16,cad3d,工程圖學 3D CAD 專題,Week38,2016-12-06,2016-12-12,18,1,1
16,cad3d,工程圖學 3D CAD 專題,Week39,2016-12-13,2016-12-19,12,2,1
16,cad3d,工程圖學 3D CAD 專題,Week40,2016-12-20,2016-12-26,20,0,0
16,cad3d,工程圖學 3D CAD 專題,Week41,2016-12-27,2017-01-02,18,1,0
16,cad3d,工程圖學 3D CAD 專題,Week42,2017-01-03,2017-01-09,18,2,0
16,cad3d,工程圖學 3D CAD 專題,Week43,2017-01-10,2017-01-16,23,1,0
16,cad3d,工程圖學 3D CAD 專題,Week44,2017-01-17,2017-01-23,12,0,0
16,cad3d,工程圖學 3D CAD 專題,Week45,2017-01-24,2017-01-30,8,0,0
16,cad3d,工程圖學 3D CAD 專題,Week46,2017-01-31,2017-02-06,4,0,0
16,cad3d,工程圖學 3D CAD 專題,Week47,2017-02-07,2017-02-13,12,0,0
16,cad3d,工程圖學 3D CAD 專題,Week48,2017-02-14,2017-02-20,7,0,0
16,cad3d,工程圖學 3D CAD 專題,Week49,2017-02-21,2017-02-27,5,0,0
16,cad3d,工程圖學 3D CAD 專題,Week50,2017-02-28,2017-03-06,11,1,0
16,cad3d,工程圖學 3D CAD 專題,Week51,2017-03-07,2017-03-13,5,2,0
16,cad3d,工程圖學 3D CAD 專題,Week52,2017-03-14,2017-03-20,5,0,0
16,cad3d,工程圖學 3D CAD 專題,Week53,2017-03-21,2017-03-27,6,0,0
16,cad3d,工程圖學 3D CAD 專題,Week54,2017-03-28,2017-04-03,5,0,0
16,cad3d,工程圖學 3D CAD 專題,Week55,2017-04-04,2017-04-10,4,0,0
16,cad3d,工程圖學 3D CAD 專題,Week56,2017-04-11,2017-04-17,4,1,0
16,cad3d,工程圖學 3D CAD 專題,Week57,2017-04-18,2017-04-24,7,2,1
16,cad3d,工程圖學 3D CAD 專題,Week58,2017-04-25,2017-05-01,1,0,0
16,cad3d,工程圖學 3D CAD 專題,Week59,2017-05-02,2017-05-08,6,2,0
16,cad3d,工程圖學 3D CAD 專題,Week60,2017-05-09,2017-05-15,2,1,0
16,cad3d,工程圖學 3D CAD 專題,Week61,2017-05-16,2017-05-22,6,0,0
16,cad3d,工程圖學 3D CAD 專題,Week62,2017-05-23,2017-05-29,11,3,0
16,cad3d,工程圖學 3D CAD 專題,Week63,2017-05-30,2017-06-05,2,1,0
16,cad3d,工程圖學 3D CAD 專題,Week64,2017-06-06,2017-06-12,7,0,0
16,cad3d,工程圖學 3D CAD 專題,Week65,2017-06-13,2017-06-19,10,0,0
16,cad3d,工程圖學 3D CAD 專題,Week66,2017-06-20,2017-06-26,8,2,0
16,cad3d,工程圖學 3D CAD 專題,Week67,2017-06-27,2017-07-03,7,1,0
16,cad3d,工程圖學 3D CAD 專題,Week68,2017-07-04,2017-07-10,6,0,0
16,cad3d,工程圖學 3D CAD 專題,Week69,2017-07-11,2017-07-17,12,0,0
16,cad3d,工程圖學 3D CAD 專題,Week70,2017-07-18,2017-07-24,2,0,0
16,cad3d,工程圖學 3D CAD 專題,Week71,2017-07-25,2017-07-31,10,3,0
16,cad3d,工程圖學 3D CAD 專題,Week72,2017-08-01,2017-08-07,9,3,0
16,cad3d,工程圖學 3D CAD 專題,Week73,2017-08-08,2017-08-14,7,0,0
16,cad3d,工程圖學 3D CAD 專題,Week74,2017-08-15,2017-08-21,5,0,0
16,cad3d,工程圖學 3D CAD 專題,Week75,2017-08-22,2017-08-28,6,1,0
16,cad3d,工程圖學 3D CAD 專題,Week76,2017-08-29,2017-09-04,11,1,0
16,cad3d,工程圖學 3D CAD 專題,Week77,2017-09-05,2017-09-11,8,0,0
16,cad3d,工程圖學 3D CAD 專題,Week78,2017-09-12,2017-09-18,5,1,0
16,cad3d,工程圖學 3D CAD 專題,Week79,2017-09-19,2017-09-25,3,0,0
16,cad3d,工程圖學 3D CAD 專題,Week80,2017-09-26,2017-10-02,8,1,0
16,cad3d,工程圖學 3D CAD 專題,Week81,2017-10-03,2017-10-09,3,0,0
16,cad3d,工程圖學 3D CAD 專題,Week82,2017-10-10,2017-10-16,10,0,0
16,cad3d,工程圖學 3D CAD 專題,Week83,2017-10-17,2017-10-23,8,0,0
16,cad3d,工程圖學 3D CAD 專題,Week84,2017-10-24,2017-10-30,4,0,0
16,cad3d,工程圖學 3D CAD 專題,Week85,2017-10-31,2017-11-06,5,0,0
16,cad3d,工程圖學 3D CAD 專題,Week86,2017-11-07,2017-11-13,10,0,0
16,cad3d,工程圖學 3D CAD 專題,Week87,2017-11-14,2017-11-20,2,0,0
16,cad3d,工程圖學 3D CAD 專題,Week88,2017-11-21,2017-11-27,7,0,0
16,cad3d,工程圖學 3D CAD 專題,Week89,2017-11-28,2017-12-04,2,0,0
